1,Game,Category,Players,Difficulty (1-5),Avg. Play Time,Age
2,1313 Dead End Drive,Children/Bluffing/Deduction,2 to 4,1.5,45 minutes,9+
3,20 Questions,Party,2 to 7,1.5,30 minutes,8+
4,6 nimmt!,Cards,2 to 10,1,45 minutes,8+
5,7 Wonders,Strategy/City Building,2 to 7,2.5,30 minutes,10+
6,7 Wonders Duel,Strategy/City Building,2,2,30 minutes,10+
7,A Game of Thrones: The Board Game (Second Edition),Bluffing/Area Control,3 to 6,3.5,120-240 minutes,14+
8,A Study in Emerald,Deckbuilding/Horror,2 to 5,3,60 minutes,13+
9,A Touch of Evil,Adventure/Horror,2 to 8,2.5,90 minutes,12+
10,Above and Below,Card Drafting,2 to 4,2.5,90 minutes,13+
11,Accentuate,Party,4 to 12,1,30 minutes,12+
12,Advance to Boardwalk,Children's/Area Control,2 to 4,1.5,60 minutes,8+
13,Adventure Land,Area Control,2 to 4,2,45 minutes,10+
14,Aeon's End: War Eternal,Card Drafting/Co-operative,1 to 4,3,60 minutes,14+
15,Aggravation,Roll/Spin/Move,4 to 6,1,45 minutes,6+
16,Agricola,Card Drafting,1 to 5,3.5,30-150 minutes,12+
17,Agricola: All Creatures Big & Small (2-Player Edition),Strategy/Tile Placement,2,2.5,30 minutes,13+
18,Alhambra,City Building,2 to 6,2,45-60 minutes,8+
19,Alhambra (German version),Tile Placement,2 to 6,2,45-60 minutes,8+
20,Among the Stars,Strategy/City Building,2 to 4,2,30 minutes,12+
21,Android: Netrunner,Bluffing,2,3.5,45 minutes,14+
22,Angelina Ballerina's Dancing Game,Children's,2 to 4,1,15 minutes,3+
23,Apples to Apples,Party/Humor/Cards,4 to 10,1,30 minutes,12+
24,Apples to Apples - Big Picture,Party/Humor/Cards,4 to 6,1,30 minutes,7+
25,Apples to Applies Junior,Children/Party,4 to 10,1,30 minutes,9+
26,Arcane Academy,Card Drafting/Tile Placement,2 to 4,2.5,30-45 minutes,12+
27,Are You Smarter Than a 5th Grader,Trivia,2 to 4,1,30 minutes,8+
28,Arkham Horror,Co-op,1 to 8,3.5,120-240 minutes,12+
29,Ars Victor,Wargame,2,2.5,60 minutes,13+
30,Ascension,Deckbuilding,1 to 4,2,30 minutes,13+
31,Axis and Allies,Wargame,2 to 5,3,180 minutes,12+
32,Backgammon,Classic,2,1.5,30 minutes,8+
33,Backyard Builders Treehouse,Card Drafting,2 to 5,1,5-10 minutes,6+
34,Bad Beets,Bluffing,2 to 5,1.5,15 minutes,8+
35,Balderdash,Classic/Party/Bluffing,2 to 6,1.5,60 minutes,12+
36,Banana Bandits,Dice Rolling,2 to 4,2,25-40 minutes,8+
37,Bananagrams Party,Words,2 to 8,1,25 minutes,10+
38,Bananagrams Wild Tiles,Words,2 to 8,1,25 minutes,10+
39,Bang: Heroes of the Storm,Bluffing/Party/Deduction,4 to 7,1.5,45 minutes,10+
40,Bang!,Bluffing,4 to 7,1.5,20-40 minutes,8+
41,Bargain Hunter,Strategy,3 to4,2,60 minutes,10+
42,Battle Kittens,Drafting,2 to 6,1.5,15 minutes,8+
43,Battle Line,Deduction/Hand Management,2,2,30 minutes,12+
44,Battle Sheep,Abstract,2 to 4,1.5,15 minutes,7+
45,Battles of Westeros,Wargame,2,3,60-120 minutes,12+
46,Battles of Westeros: Wardens of the North,Wargame,2,3,60-120 minutes,12+
47,Battles of Westeros: Wardens of the West,Wargame,2,3,60-120 minutes,12+
48,Battleship,Strategy,2,1.5,30 minutes,8+
49,Battlestar Galactica,Bluffing,3 to 6,3,120-240 minutes,10+
50,Bears!,Party/Dice Rolling,2 to 4,1,20 minutes,7+
51,Bears vs. Babies,Party,2 to 5,1.5,20 mins,8+
52,Beer Money,Cards/Fighting,2 to 4,2,10 minutes,12+
53,Betrayal at House on the Hill,Co-op/Horror,3 to 6,2.5,60 minutes,12+
54,Between two Cities,City Building,3 to 7,2,20 minutes,8+
55,Biblios,Card Drafting,2 to 4,1.5,30 minutes,10+
56,Big Money,Dice Rolling,2 to 5,1,30 minutes,8+
57,Billionaire Banshee,Party/Adult,15-Jan,1,60 minutes,17+
58,BioShock Infinite: The Siege of Columbia,Strategy,2 to 4,3,60 minutes,13+
59,Blokus,Abstract/Strategy,2 to 4,1,20 minutes,5+
60,Blokus (Travel),Abstract/Strategy,2 to 4,1,20 minutes,5+
61,Blood Bowl Team Manager,Card Drafting,2 to 4,3,90 Minutes,14+
62,Blood Feud in New York,Miniatures/Territory Building,2 to 6,2.5,180 minutes,12+
63,Blood Rage,Miniatures/Card Drafting,2 to 4,3,60-90 minutes,13+
64,Blood Rage 5th Player Expansion,Expansion to Blood Rage,5,2.5,60-90 minutes,11+
65,Bob Ross: The Art of Chill,Set Collection,2 to 4,1.5,30 minutes,12+
66,Bohnanza,Negotation,2 to 7,1.5,45 minutes,13+
67,Bonbons,Children's/Memory,2 to 6,1,10-20 minutes,7+
68,Boss Monster,Card Strategy,1 to 4,2,20 minutes,13+
69,Boss Monster 2: The Next Level,Card Strategy,2 to 4,2,20-30 minutes,13+
70,Bottom of the 9th,Bluffing/Deduction,1 to 2,1.5,5-20 minutes,13+
71,"Brave Rats (a.k.a. ""R"")",Card/Deduction,2,1,15 minutes,8+
72,Brew Crafters,Worker Placement,2 to 5,3.5,90 minutes,12+
73,Brick Party,Party,4 to 9,1.5,30 minutes,5+
74,Spookre,Trickery,3 to 5,1.5,20-40 minutes,10+
75,Broom Service,Strategy,2 to 5,2.5,30-75 minutes,10+
76,Bump in the Night,Miniatures/Horror,2 to 6,2.5,60 minutes,12+
77,Bunny Bunny Moose Moose,Party/Dexterity,3 to 6,1.5,20 minutes,9+
78,Cacao,Territory Building/Tile Placement,2 to 4,2,45 minutes,8+
79,Camel Up,Family/Wagering,2 to 8,1.5,20-30 minutes,8+
80,Can't Stop,Press Your Luck,2 to 4,1,30 minutes,9+
81,Candamir: The First Settlers,Set Collection,2 to 4,2.5,60 minutes,12+
82,Candyland,,2 to 4,1,10 minutes,4+
83,Candyland,Children,2 to 4,1,10 minutes,4+
84,Captain Sonar,Party/Deduction,2 to 8,2,45-60 minutes,14+
85,Car Wars,Wargames,2 to 8,3,45 minutes,10+
86,Car Wars: Arenas,Thematic/Cards,2 to 6,1.5,60 minutes,10+
87,Car Wars: The Card Game,Thematic/Cards,2 to 6,1.5,60 minutes,10+
88,Carcassone: Inns and Cathedrals,Expansion for Carcassone,2 to 6,2,60 minutes,8+
89,Carcassonne,Strategy,2 to 5,3,30-90 minutes,8+
90,Carcassonne: The Discovery,Tile Placement,2 to 5,2,30 minutes,8+
91,Cardline - Animals,Trivia,2 to 8,1,15-20 minutes,8+
92,Cards Against Humanity,Party/Adult,4 to 30,1,30 minutes,18+
93,Cards Against Humanity: ALL 26 Expansions,Party/Adult,4 to 30,1,30 minutes,18+
94,Cartagena,Family/Racing,2 to 5,1.5,45 minutes,8+
95,CaSh n' GunS: 2nd Edition,Party/Bluffing,4 to 6,1.5,30 minutes,10+
96,Castle Panic,Co-Op/Tower Defense,1 to 6,2,30 minutes,10+
97,Castle: The Detective Card Game,Murder/Mystery,2 to 5,1,25 minutes,15+
98,Castles of Burgundy,Strategy,2 to 4,3,30-90 minutes,12+
99,Castles of Mad King Ludwig,Card Drafting,1 to 4,2.5,90 minutes,13+
100,Cat Tower,Stacking,2 to 6,1,15 minutes,4+
101,Cat-opololy,Classic/Thematic,2 to 6,1.5,60 minutes,9+
102,Catan 5-6 players Extension,Expansion to Catan,5 to 6,2.5,120 minutes,10+
103,Catan Settlers of America Trails to Rails,Route Building,3 to 4,2.5,120 minutes,12+
104,Catan Struggle for Rome,Area Movement,3 to 4,2.5,120 minutes,10+
105,Catan: 5th Edition,Strategy,3 to 4,2.5,60-120 minutes,10+
106,Catan: Game of Thrones,Strategy/Family,3 to 4,2.5,60-120 minutes,10+
107,Catch Phrase,Party,4 to 16,1,30 minutes,12+
108,Catch the Moon,Action/Dexterity,2 to 6,1,20 minutes,6+
109,CDMC 3K,Party/Hand Management,2 to 4,1,30 minutes,6+
110,Celestia,Press Your Luck,2 to 6,1.5,30 minutes,8+
111,Century: Spice Road,Card Drafting,2 to 5,2,30-45 minutes,8+
112,Chameleon,Party,3 to 8,1,5 minutes,14+
113,Champions of Midgard,Strategy,2 to 4,2.5,60-90 minutes,10+
114,Checkers,Classic,2,2,30 minutes,6+
115,Cheers Trivia,Trivia,2 to 8,1,60 minutes,12+
116,Chess,Strategy,2,4,60 minutes,6+
117,Chess (3-player chess),Classic,3,3,60 minutes,8+
118,Chinese Checkers,Classic,2 to 6,1.5,30 minutes,7+
119,Chutes & Ladders,Childrens,2 to 4,1,20 minutes,6+
120,Citadels,Strategy/City Building,2 to 8,2,20-60 minutes,10+
121,Clank! A Deck Building Adventure,Deck Building,1 to 4,2,30-60 minutes,12+
122,Clank! In Space,Card Drafting,2 to 4,2.5,60 minutes,13+
123,Click Clack Lumberjack,Abstract/Party,2 to 7,1.5,10 minutes,5+
124,Clue,Bluffing/Deduction,3 to 6,1,45 minutes,8+
125,Clue Jr.,Children's/Deduction,3 to 6,1,45 minutes,6+
126,Cobra Paw,Party/Dexterity,2 to 6,1,5-15 minutes,6+
127,Coconuts,Action/Dexterity,2 to 4,1,20 minutes,6+
128,Coconuts Duet,Action/Dexterity,2,1,20 minutes,6+
129,Codenames,Party/Deduction,2 to 8,1.5,15 minutes,14+
130,Codenames Pictures,Party/Deduction,2 to 8,1.5,15 minutes,14+
131,Codenames Marvel,Party/Deduction,3 to 8,1.5,16 minutes,14+
132,Codenames Disney,Party/Deduction,4 to 8,1.5,17 minutes,14+
133,Colonial: Europe's Empires Overseas,Area Control,2 to 6,3.5,120 minutes,14+
134,Coloretto,Card Drafting,2 to 5,1.5,30 minutes,8+
135,Colt Express,Hand Management,2 to 6,2,30-40 minutes,10+
136,Concept,Party,4 to 12,1.5,40 minutes,10+
137,Concordia,Strategy/Card Drafting,2 to 5,3,100 minutes,13+
138,Connect 4,Classic,2,1,15 minutes,6+
139,Conquest of Pangaea,Strategy,2 to 4,2.5,90 minutes,12+
140,Cooperation: The Wealth of Nations,Educational,2 to 6,1,30 minutes,8+
141,Cosmic Encounter,Thematic/Strategy,3 to 5,2.5,60-120 minutes,12+
142,Costa Rica,Press Your Luck,2 to 5,1.5,30-45 minutes,8+
143,Cottage Garden,Tile Placement,1 to 4,2,45-60 minutes,8+
144,Coup,Party/Bluffing/Memory,2 to 6,1.5,15 minutes,9+
145,Coup: Rebellion G4,Party Strategy,3 to 6,2,15 minutes,14+
146,Covalence,Deduction,2 to 4,1.5,15-40 minutes,8+
147,Crab Stack,Strategy,2 to 4,1.5,20 minutes,8+
148,Cranium,Party/Trivia/Word,4 to 16 (Best 8),1.5,60 minutes,13+
149,Cranium Cadoo,Children/Creative,2 to 16,1,45 minutes,7+
150,Cribbage,Card,2 to 4,2,30 minutes,10+
151,Crokinole,Action/Dexterity/Flicking,2 or 4,1.5,30 minutes,8+
152,Crosstalk,Party/Deduction,4 to 8,1.5,30 minutes,10+`
153,Cry Havoc,Strategy/War Game,2 to 4,3.5,90-120 minutes,10+
154,Cup a Cup,Party/Childrents,3 to 8,1,20 minutes,5+
155,Curses!,Party/Acting,3 to 6,1,25 minutes,12+
156,Cutthroat Caverns,Hand Management,3 to 6,2,90 minutes,12+
157,Dead Man's Draw: Captain Carcass,Cards,2 to 4,1.5,10 -15 minutes,13+
158,Dead Man's Treasure (a.k.a. Fruit Spy),Bluffing/Area Control,3 to 5,1.5,15-20 minutes,8+
159,Dead of Winter,Horror/Zombies,2 to 5,3,60-120 minutes,13+
160,Dead Panic,Co-op,2 to 6,2,90 minutes,13+
161,Dealer's Choice,Auction/Bidding,3 to 5,1.5,45 minutes,8+
162,Deception: Murder in Hong Kong,Bluffing/Party,4 to 12,1.5,20 minutes,14+
163,Deck Building: The Deck Building Game,Cards,2,1.5,10-20 minutes,13+
164,Descent: Journey's in the Dark: 1st Edition,Thematic,2 to 5,3.5,240 minutes,12+
165,Descent: Journeys in the Dark: 2nd Edition,Thematic,2 to 5,3,120 minutes,14+
166,Dice Masters: Age of Ultron,Dice Rolling,2,2.5,60 minutes,14+
167,Dice Masters: Avengers vs. X-Men,Dice Rolling,2,2.5,60 minutes,14+
168,Dice Masters: Uncanny X-Men,Dice Rolling,2,2.5,60 minutes,14+
169,Dictitious,Party,4 to 12,1,30 minutes,17+
170,Dinosaur Tea Party,Deduction/Humor,3 to 5,1,20-30 minutes,7+
171,Dixit,Party/Cards/Humor,3 to 6,1.5,30 minutes,6+
172,Domaine,Area Control,2 to 4,2.5,60 minutes,12+
173,Dominion,Card/Strategy,2 to 4,2.5,30 minutes,13+
174,Dominoes,Strategy,1+,1,-,-
175,Down Force,Auction/Bidding,2 to 6,2,20-40 minutes,10+
176,Drachen Turm,Dice Rolling,2 to 4,1,30 minutes,8+
177,Dracula's Feast,Bluffing/Deduction,4 to 8,1.5,10-15 minutes,10+
178,Dracula's Feast: Cthulhu & Friends,Expansion to Dracula's Feast,40 to 10,1.5,10-15 minutes,10+
179,Dread Pirate,Roll and Spin,2 to 4,1.5,60 minutes,8+
180,Dream Phone,Children,1 to 4,2.5,20 minutes,9+
181,Elasund: The First City,Strategy,2 to 4,2.5,60-90 minutes,10+
182,Elder Sign,Thematic,1 to 8,2.5,90 minutes,13+
183,Elder Sign: Unseen Forces,Thematic/Adventure,1 to 8,2.5,90 minutes,14+
184,Eldritch Horror,Fantasy/Adventure,1 to 8,3.5,120-240 minutes,14+
185,Electronic Battleship,Strategy,2,1,30 minutes,10+
186,Elixir,Auction/Bidding,3 to 8,1.5,60 minutes,10+
187,Encounters: Shadowrun,Dice/Science Fiction,1 to 8,2,15-30 minutes,13+
188,End is Nigh,Bluffing/Deduction,2 to 6,2,15-20 minutes,13+
189,Ender's Game: Battle School,Dice Rolling,2,2.5,30-45 minues,15+
190,Escape the Room: Mystery at Stargazer's Manor,Party/Co-op,3 to 8,1.5,90 minutes,10+
191,Ethnos,Strategy,2 to 6,2,30-45 minutes,14+
192,Euphoria: Build a Better Dystopia,Dice Rolling/Set Collection,2 to 6,3,60 minutes,13+
193,Evolution,Strategy/Animals,2 to 6,2.5,50-70 minutes,10+
194,Expedition: Famous Explorers,Strategy,2 to 6,2,60-90 minutes,13+
195,Exploding Kittens,Party/Cards,2 to 5,1,15 minutes,7+
196,Exploding Kittens: NSFW Deck,Party/Cards,2 to 5,1,15 minutes,18+
197,Fact or Crap,Trivia,3 to 8,1,30 minutes,12+
198,Fairy Tale,Card Drafting,2 to 6,2,30 minutes,10+
199,Fallout,Stategy/Adventure,1 to 4,3,140-180 minutes,14+
200,Farkle,Dice,2 to 8,1,30 minutes,8+
201,Feast for Odin,Area Enclosure,1 to 4,4,30-120 minutes,12+
202,Felinia,Territory Building,2 to 4,2.5,60 minutes,10+
203,Fetch,Racing,2 to 4,1,15 minutes,12+
204,Firefly,Thematic Fantasy,1 to 4,3,120-240 minutes,13+
205,Fish Frenzy,Bidding,3 to 5,1,2--30 minutes,10+
206,Fistful of Dinero,Card Drafting,3 to 6,2,30-45 minutes,10+
207,Five Tribes,Strategy,2 to 4,3,40-80 minutes,13+
208,Flapjacks and Sasquatches,Cards,2 to 8,1.5,20 minutes,8+
209,Flash Point: Fire Rescue,Thematic/Family,1 to 6,2,45 minutes,10+
210,Flip Hue,Cards,3 to 6,1.5,30 minutes,8+
211,Flipships,Co-Op/Dexterity,1 to 4,1.5,30-45 minutes,8+
212,Flock,Abstract Stategy,2 to 5,2.5,30 minutes,14+
213,Florenza: The Card Game,Strategy/City Building,2 to 4,2.5,60 Minutes,14+
214,Flow of History,Auction/Bidding,3 to 5,2.5,60-90 minutes,12+
215,Fluxx,Hand Management,2 to 6,1.5,5 to 30 minutes,8+
216,For Sale,Auction/Bidding,3 to 6,1.5,20 minutes,8+
217,Forbidden Desert,Co-op Grid Movement,2 to 5,2,45 minutes,10+
218,Forbidden Island,Co-op/Strategy,2 to 4,1.5,30 minutes,10+
219,Formula D,Dice Rolling,2 to 10,2,60 minutes,8+
220,Fortress America,Wargames,2 to 4,2.5,150 minutes,13+
221,Fossil Find,Strategy,1 to 6,1.5,45-60 minutes,13+
222,Friday,Cards/Solo,1,2,25 minutes,10+
223,Funglish,Party,3 to 12,1,25 minutes,12+
224,FUSE,Dexterity/Dice,1 to 5,2,10 minutes,10+
225,Galaxy Trucker,Tile Placement/Humor,2 to 4,2.5,60 minutes,10+
226,Game of Thrones,Card Drafting,2 to 4,3,60 minutes,14+
227,Gettysburg,Strategy,2,3,40-240 minutes,12+
228,Giants,Strategy/Bidding/Worker Placement,3 to 5,3,90 minutes,10+
229,Gloom,Storytelling/Party,2 to 4,1.5,60 minutes,13+
230,Go Bleep Yourself!,Party,4 to 10,1,40 minutes,14+
231,Go Cuckoo!,Party,2 to 6,1,10-15 minutes,4+
232,Go Fish Yourself,Party/Adult,4 to 6,1,15-45 min,18+
233,Grackles,Abstract,2 to 4,1.5,20-30 minutes,10+
234,Gravwell: Escape from the 9th Dimension,Card Drafting,1 to 4,2,20-35 minutes,12+
235,Great Western Trail,Pool Building,2 to 4,3.5,75-150 minutes,12+
236,Greedy Greedy Goblins,Tile Placement/Bluffing,2 to 4,2,25-35 minutes,14+
237,Gruff,Fantasy,2 to 4,3,20-45 minutes,11+
238,Guesstures,Party,4+,1,10 minutes,12+
239,Guillotine,Family/Card/Humor,2 to 5,1,30 minutes,12+
240,Hanabi,Family/Cards,2 to 5,1.5,25 minutes,8+
241,Hangman,Deduction/Word,2,1,15 minutes,8+
242,Happy Salmon,Party,3 to 6,1,2 minutes,6+
243,Harry Potter: Hogwart's Battle,Cards/Co-Op,2 to 4,2,30-60 minutes,11+
244,Headbanz,Party,3 to 10,1,60 minutes,8+
245,Headbanz for Adults,Party/Adult,3 to 10,1,60 minutes,8+
246,"Here, Kitty, Kitty",Animals,3 to 6,1,30 minutes,10+
247,Heroes Wanted,Grid Movement/Humor,1 to 5,2.5,45 minutes,13+
248,Heroes Wanted: Breaking News,Grid Movement/Humor,1 to 5,2.5,45 minutes,13+
249,Heroes Wanted: Champions and Masterminds,Grid Movement/Humor,1 to 5,2.5,45 minutes,13+
250,Heroes Wanted: Extra Extra,Grid Movement/Humor,1 to 5,2.5,45 minutes,13+
251,Hex Hex XL,Cards,3 to 6,2,20 minutes,14+
252,"Hey, That's my Fish",Abstract/Grid Movement,2 to 4,1.5,20 minutes,8+
253,High Noon Saloon,Area Movement,2 to 6,1.5,45 minutes,10+
254,Hive,Abstract,2,2.5,20 minutes,9+
255,Hive Pocket,Abstract,2,2.5,20 minutes,9+
256,Hocus,Cards,2 to 5,2.5,30 minutes,10+
257,Honor of the Samurai,Strategy/Cards,3 to 6,2,90 minutes,10+
258,Hotshots,Co-op/Dice Rolling,1 to 4,2,60 minutes,10+
259,How to Serve Man,Humor/Worker Placement,6-Feb,2,60 minutes,10+
260,Hungry Hungry Hippo,Children,2 to 4,1,10 minutes,4+
261,Ice Cool,Children,2 to 4,1,20 minutes,6+
262,ImagiNiff: 10th Anniversary Edition,Party/Bluffing,3 to 8,1,35 minutes,12+
263,Imhotep,Area Control,2 to 4,2,40 minutes,10+
264,Impact: Battle of Elements,Dice Rolling,2 to 5,1,15 minutes,8+
265,Imploding Kittens,Party,2 to 6,1,15 minutes,7+
266,Incan Gold,Bluffing,3 to 8,1,20 minutes,8+
267,Indigo,Abstract / Family,2 to 4,1.5,30 minutes,8+
268,Indulgence,Card Game,3 to 4,1.5,45-60 minutes,14+
269,Ingenious,Abstract,1 to 4,2,45 minutes,10+
270,Inis,Card Drafting,2 to 4,3,60-90 minutes,14+
271,Ion: A Compound Building Game,Deduction,2 to 7,1.5,20-40 minutes,8+
272,Island Fortress,Auction/Bidding,2 to 4,3,90 minutes,13+
273,Isle of Skye: From Chieftain to King,Territory Building/Tile Placement,2 to 5,2.5,30-50 minutes,8+
274,Islebound,Area Control,2 to 4,3,60-120 minutes,13+
275,Jack Straws,Children/Dexterity,2 to 5,1,10 minutes,6+
276,Jack the Ripper,Deduction,2,2.5,120 minutes,12+
277,Jaipur,Card Drafting,2,1.5,30 minutes,12+
278,Jenga,Classic/Party,1 to 8,1,20 minutes,6+
279,Jim Henson's Labyrinth: The Board Game,Area Movement//Co-op,1 to 5,1.5,60-120 minutes,6+
280,Jokers and Marbles,Classic,2 to 6,1.5,30-60 minutes,8+
281,Joking Hazard,Party Adult,3 to 10,1,30-90 minutes,18+
282,Jumanji,Family,2 to 4,1.5,45 minutes,8+
283,Jump Drive,Hand Management,2 to 4,2,20 minutes,13+
284,Jungle Speed,Dexterity/Party,2 to 10,1,15 minutes,8+
285,Junk Art,Hand Management,2 to 6,1.5,30 minutes,8+
286,Kanagawa,Card Drafting,2 to 4,2,45 minutes,10+
287,Karuba,Tile Placement,2 to 4,1.5,40 minutes,8+
288,Kemet,Area Control,2 to 5,3,90-120 minutes,13+
289,Kerala: The Way of the Elephant,Tile Placement,2 to 5,2,30 minutes,8+
290,#REF!,#REF!,#REF!,#REF!,#REF!,#REF!
291,#REF!,#REF!,#REF!,#REF!,#REF!,#REF!
292,King Kong,"Roll, Spin, Move",2 to 4,1,30 minutes,5+
293,King of Tokyo,Dice/Family,2 to 6,1.5,30 minutes,8+
294,Kingdomino,City Building,2 to 4,1.5,15-20 minutes,8+
295,Kingsburg,City Building,2 to 5,2.5,90 minutes,13+
296,Kittens in a Blender,Party,2 to 4,1,30 minutes,8+
297,Kitty Paw,Dexterity/Abstract,1 to 4,1,15 minutes,6+
298,Kodama: The Tree Spirits,Abstract Strategy,2 to 5,1.5,40 minutes,14+
299,Konane,Strategy/Checkers,2,2,20 minutes,6+
300,Konexi,Action,2 to 4,1.5,20 minutes,10+
301,Labyrinth: The Electronic Version,Classic/Tile Placement,2 to 4,1.5,20 minutes,8+
302,Lanterns: Harvest Festival,Tile Placement,2 to 4,1.5,30 minutes,8+
303,Last Night on Earth,Fighting/Horror,2 to 6,2.5,90 minutes,12+
304,Lazer Ryderz,Maze/Racing,2 to 4,1.5,30-60 minutes,12+
305,Leaders of Euphoria: Choose a Better Oppressor,Bluffing/Card Game,4 to 8,2,15-30 minutes,13+
306,Left Center Right,Party,3 to 12,1,20 minutes,5+
307,Legendary Encounters: Aliens,Card Drafting,1 to 5,2.5,45 minutes,17+
308,Legendary Fear Itself - Expansion to Legendary,Expansion,1 to 5,3,45 minutes,8+
309,Legendary: Buffy The Vampire Slayer,Card Drafting,1 to 5,3,30-60 minutes,14+
310,Legenday: A Marvel Deck Building Game,Thematic,1 to 5,2.5,45 minutes,14+
311,Leonardo da Vinci,Area Control,2 to 5,3,90 minutes,12+
312,Letters from Whitechapel,Thematic/Strategy,2 to 6,2.5,120 minutes,13+
313,Liar's Dice,Bluffing,2 to 6,1.5,15-30 minutes,8+
314,Libertalia,Hand Management,2 to 6,2,45 minutes,14+
315,Life (The Game of Life),Classic,2 to 6,1,60 minutes,8+
316,Life on the Farm,Children/Chance,2 to 6,1,120 minutes,8+
317,Livestock Uprising,Territory Building,2 to 4,2.5,90 minutes,14+
318,Loaded Questions,Party,3 to 6,1.5,45 minutes,13+
319,Locke & Key,Strategy,3 to 6,1.5,30 minutes,15+
320,Lord of the Rings: The Card Game,Thematic/Card,1 to 4,3,60 minutes,13+
321,Lords of Vegas,City Building,2 to 4,2.5,60 minutes,12+
322,Lords of Waterdeep,Strategy/City Building,2 to 5,2.5,60-120 minutes,12+
323,Lost Cities,Set Collection,2 to 4,2,30-60 minutes,8+
324,Lost Temple,Adventure,2 to 8,1.5,40 minutes,10+
325,Lotus,Cards/Area Control,2 to 4,1.5,30 minutes,8+
326,Love Letter,Family/Bluffing,2 to 4,1,20 minutes,10+
327,Love Letter: Legend of the Five Rings,Family/Bluffing,2 to 4,1,20 minutes,10+
328,Love Letter: Premium Edition,Deduction,2 to 8,1.5,20 minutes,14+
329,Machi Koro/City Building,City Building,2 to 4,2,30 minutes,7+
330,Madness,Cards,2 or 4,1,35 minutes,8+
331,Magic Basic Deck,Card/Fantasy,2 to 5,4,15-30 minutes,13+
332,Magic the Gathering Planeswalkers,Thematic Fantasy,2 to 5,2,60 minutes,10+
333,Magic Maze,Cooperative,1 to 8,1.5,15 minutes,8+
334,Mahjong,Abstract,3 to 4,2.5,120 minutes,8+
335,Mall Madness,Classic,2 to 4,1,60 minutes,9+
336,Mancala,Classic,2,2,10 minutes,5+
337,Manila,Chance/Strategy,3 to 5,3,60 minutes,10+
338,Marrakech,Tile Placement/Area Control,2 to 4,1.5,30 minutes,6+
339,"Marry, Date, Dump",Classic/Party,2 players,1.5,30 minutes,16+
340,Martinique,Bluffing/Deduction,2,2,30 minutes,10+
341,Mascarade,Party,2 to 13,1.5,30 minutes,10+
342,Mastermind,Classic,2,1.5,20 minutes,8+
343,Materia,Card Drafting,2 to 6,1,25-60 minutes,12+
344,Medieval Academy,Card Drafting,2 to 5,2,30 minutes,8+
345,Medina,Abstract/Strategy,3 to 4,3,60 minutes,10+
346,Memoir '44,Wargames,2,2.5,30-60 minutes,8+
347,Midnight Taboo (Adult Version),Party/Word,4 to 10,1,20 minutes,12+
348,Mission Red Planet,Area Contol,3 to 5,2.5,60 minutes,10+
349,Monikers,Party/Trivia/Acting,4 to 20,1,60 minutes,18+
350,Monopoly,Classic,2 to 8,2,180 minutes,8+
351,Monopoly Deal,Cards,2 to 5,1,15 minutes,8+
352,Moods,Party,3 to 8,1,20 minutes,18+
353,Mountains of Madness,Dice Rolling/Co-operative,3 to 5,2,60-90 minutes,12+
354,Mr. Jack,Deduction,2,2,30 minutes,9+
355,Mr. Jack Pocket,Strategy,2,2,15 minutes,14+
356,Munchkin Deluxe,Fantasy/Card,3 to 6,2,60 minutes,10+
357,Munchkin: Adventure Time,Fantasy/Card,3 to 6,2,60-90 minutes,10+
358,Mysterium,Deduction/Murder Mystery,2 to 7,2,42 minutes,10+
359,Mystery Date: 2009 Edition,Classic,2 to 4,1,30 minutes,7+
360,Nevermore,Card Drafting,3 to 6,2,45-60 minutes,14+
361,New Bedford: A Game of Historic Whaling & Town Building,Strategy / City Building,1 to 4,2.5,75 minutes,12+
362,New Bedford: Rising Tide,Expansion,1 to 5,2.5,75 minutes,12+
363,New England,Territory Building,3 to 4,2.5,90 minutes,12+
364,New York: 1901,City Building,2 to 4,2,30-60 minutes,8+
365,News @ 11,Party,4 to 11,1,30-45 minutes,7+
366,Nightfall,Card Drafting,2 to 5,2.5,45 minutes,12+
367,Nut So Fast,Dexterity,3 to 6,1,15-20 minutes,8+
368,Nyet!,Hand Management,2 to 5,2,30 minutes,10+
369,Obama Llama,Party/Trivia/Acting,4 to 99,1,30 minutes,18+
370,Ogre: Designer's Edition,Wargame,1 to 3,2.5,45 minutes,10+
371,Ogre: Objective 217,Cards/Wargame,1,2,15-30 minutes,10+
372,Oltre Mare,Strategy,2 to 5,2.5,60 minutes,12+
373,Once Upon a Time,Family/Storytelling,2 to 6,1.5,30 minutes,8+
374,One Deck Dungeon,Co-Op,1 to 2,2,30 minutes,14+
375,One Night Revolution,Bluffing/Cards/Party,3 to 10,2,15 minutes,14+
376,One Night Ultimate Werewolf,Party/Bluffing,3 to 10,1.5,10 minutes,8+
377,Onirim,Set Collection,1 to 2,1.5,15 minutes,8+
378,Onitama,Stategy,2,1,20-30 minutes,10+
379,Operation F.A.U.S.T.,Bluffing/Cards,3 to 8,2,30 minutes,13+
380,Oregon Trail,Cards,1 to 4,1.5,15-30 minutes,8+
381,Orleans,Pool Building,2 to 4,3,90 minutes,12+
382,Outburst!,Classic/Party/Trivia,4 to 20,1,60 minutes,18+
383,Pandemic,Co-Op/Strategy,2 to 4,3,60 minutes,13+
384,Pandemic on the Brink: Expansion for Pandemic,Co-op/Strategy,2 to 5,2.5,45 minutes,8+
385,Pandemic: Iberia,Cooperative,2 to 5,2.5,45 minutes,8+
386,Pandemic: Reign of Cthulhu,Cooperative,2 to 4,2,40 minutes,14+
387,Parade,Cards/Set Collection,2 to 6,1.5,20-30 minutes,12+
388,Parcheesi,Family,2 to 6,1,30 min,5+
389,Pass the Buck,Bluffing,3 to 5,1,30 - 45 minutes,14+
390,Passing the Bar,Lawyers,2 to 4,5,60 minutes,21+
391,Patchwork,Strategy,2,2,15-30 minutes,8+
392,Peaceful Resistance,Abstract Strategy,2 to 3,1.5,30 minutes,7+
393,Pentago,Abstract Strategy,2,2,3 to 30 minutes,6+
394,Peptide,Educational/Card Drafting,2 to 6,2,40 minutes,10+
395,Perfection,Children/Memory,No limit,1,6 minutes,5+
396,Perquackey,Dice/Word,2 to 6,2,20 minutes,8+
397,Phase 10,Cards,2 to 6,1.5,45 minutes,8+
398,Photosynthesis,Abstract Strategy,2 to 4,2.5,30-60 minutes,10+
399,Pictionary,Classic/Party,3 to 16,1.5,90 minutes,12+
400,Pin the Tail on the Donkey,Children,2 to 20,1,15 minutes,6+
401,Pirateology,Dice,2 to 6,1.5,45 min,8+
402,Pit,Party/Cards,3 to 8,1,30-90 minutes,7+
403,Pixel Tactics,Hand Management,2,2.5,45 minutes,12+
404,Playing Cards (52 Card Decks),Cards,1 to 20,1,45 minutes,3+
405,Poker Set,Chance,4 to 8,3,2 hours,8+
406,Portobello Market,Strategy/Area Control,2 to 4,2,35 minutes,8+
407,Potion Explosion,Pattern Regonition,2 to 4,1.5,30-60 minutes,8+
408,Power Grid,Strategy/Auction,2 to 6,3.5,120 minutes,12+
409,Pretty Pretty Princess,Classic,2 to 4,1,20 minutes,5+
410,Private Die,Dice Rolling,2 to 6,1.5,15 minutes,10+
411,Prosperity,Card Drafting/Tile Placement,2 to 4,2.5,60 minutes,13+
412,Puerto Rico,City Building,2 to 5,3.5,90-150 minutes,12+
413,Punch Line,Word,2 to 4,2,30 minutes,10+
414,Purrlock Holmes,Cards,2 to 5,1.5,20-30 minutes,10+
415,Push,Cards/Push Your Luck,2 to 6,1,20 minutes,8+
416,Pyramix,Abstract,2 to 4,1.5,15 minutes,8+
417,Quests of Valeria,Card Drafting,1 to 5,2,20-45 minutes,14+
418,Quoridor,Abstract Straegy,2 or 4,2,15 minutes,8+
419,Quarto,Abstract Strategy,2,2,20 minutes,6+
420,Quixo,Abstract Strategy,2,2,20 minutes,6+
421,Qwirkle,Abstract,2 to 4,1.5,45 minutes,6+
422,Qwixx Deluxe,Dice,2 to 5,1,15 minutes,8+
423,Race for the Galaxy,Strategy,2 to 4,3,30-60 minutes,12+
424,Railroad Tycoon (a.k.a. Railways of the World),Card Drafting,2 to 6,3,120 minutes,10+
425,Ravensburger Labyrinth,Children's/Maze/Puzzle,2 to 4,1.5,20 minutes,8+
426,Red Dragon Inn,Party/Humor,2 to 4,1.5,45 minutes,13+
427,Red7,Cards/Set Collection,2 to 4,1.5,5-30 minutes,9+
428,Redshirts,Humor,2 to 7,1.5,30 minutes,12+
429,Reef,Abstrac Strategy,2 to 4,2,30-45 minutes,8+
430,Reminiscing,Trivia,2 to 4,1,45 minutes,1+
431,Remnants,Dice Rolling/Hand Management,2 to 4,2.5,45-60 minutes,13+
432,Resistor,Abstract/Card/Memory,2,2,20 minutes,8+
433,Rhino Hero,Dexterity,2 to 5,1,5-15 minutes,5+
434,Rhino Hero: Super Battle,Dexterity,3 to 5,1,15-20 minutes,5+
435,Rick and Morty Total Recall Card Game,Deduction,2 to 5,1.5,30 minutes,15+
436,Rick and Morty: Anatomy Park,City Building,2 to 4,2,30-60 minutes,18+
437,Risk,Wargame,2 to 6,2,120 minutes,10+
438,Risk: Godstorm,Wargame,2 to 5,2.5,120 minutes,10+
439,Risk: Lord of the Rings Trilogy Edition,Wargame,2 to 4,2.5,180 minutes,9+
440,Risk: Star Wars Clone Wars Edition,Wargame,2 to 4,2,120 minutes,10+
441,Road Kill Rally,Dice Rolling,3 to 6,2,60-120 minutes,13+
442,Robo Rally,Strategy,2 to 6,2.5,45-120 minutes,12+
443,Roll for the Galaxy,Strategy/Pool Building,2 to 5,3,45 minutes,13+
444,Rory's Story Cubes,Dice/Co-op/Storytelling,1 to 12,1,20 minutes,8+
445,RSVP - 3D Crossword Game,Word,2,2,60 minutes,6+
446,Rubik's Race,Strategy/Abstract,2,1,10 minutes,8+
447,Rummikub,Cards/Numbers,2 to 4,2,60 minutes,8+
448,Rummy Royal,Cards,2 to 9,1.5,60 minutes,8+
449,Runebound: 3rd Edition,Thematic,2 to 4,2.5,120-180 minutes,14+
450,Runewars,Thematic/Strategy,2 to 4,3.5,180 minutes,14+
451,Rush n' Crush,Thematic/Family,3 to 6,2,60 minutes,12+
452,Saboteur,Party/Bluffing,3 to 10,1.5,30 minutes,8+
453,Sagrada,Card Drafting,1 to 4,2,30-45 minutes,14+
454,Samurai Spirit,Co-Op/Strategy,1 to 7,2,30 minutes,9+
455,Samurai Swords (a.k.a. Ikusa),Wargame,2 to 5,3,240-360 minutes,12+
456,San Juan,City Building,2 to 4,2.5,45-60 minutes,10+
457,Santorini,Abstract Strategy,2 to 4,2,20 minutes,8+
458,Saturday Night Live: The Game,Party,2 to 8,1,20-30 minutes,12+
459,Say Anything,Party,3 to 8,1,30 minutes,13+
460,Scattergories,Trivia,2 to 6,1.5,30 minutes,12+
461,Schmovie,Party,15-Mar,1,35 minutes,17+
462,Scrabble,Word,2 to 4,2,60 minutes,10+
463,Scrabble Crossword Cubes,Dice/Word,1 to 6,1,10 minutes,10+
464,Scrabble Crossword/Dominoes,Word,2 to 4,1,30 minutes,10+
465,Scrabble Junior,Word,2 to 4,1,30 minutes,7+
466,Scrawl,Party,4 to 8,1.5,20-30 minutes,18+
467,Scythe,Territory Building,1 to 5,3.5,90-115 minutes,14+
468,Scythe: Invaders from Afar (Expansion to Scythe),Expansion,1 to 7,3,90-145 minutes,14+
469,Sea of Clouds,Card Drafting,2 to 4,1.5,45 minutes,10+
470,Seasons,Card Drafting,2 to 4,3,60 minutes,14+
471,Secret Hitler,Social Deduction,5 to 10,1.5,45 minutes,
472,Sentinels of the Multiverse,Co-op/Cards,1 to 5,2.5,30-60 minuts,8+
473,Sequence,Card,2 to 6,1,15-120 minutes,7+
474,Sequence Cats,Card,2 to 6,1,15-120 minutes,7+
475,Settlers of the Stone Age,Route Building,3 to 4,2.5,90 minutes,10+
476,Seventh Hero,Familly/Bluffing/Cards,3 to 5,1.5,20-30 minutes,8+
477,Shadows of Brimstone: Cities of the Ancients,Thematic,1 to 4,3.5,120 minutes,12+
478,Shadows of Brimstone: Swamps of Death,Thematic,1 to 4,3.5,60 minutes,12+
479,Shadows Over Camelot,Thematic,3 to 7,2.5,60 to 80,10+
480,Shadows Over Camelot: The Card Game,Family,1 to 7,2,20 minutes,8+
481,Shakespeare,Card Drafting,1 to 4,3,20-90 minutes,13+
482,Sheriff of Notttingham,Family/Party,3 to 5,1.5,60 minutes,13+
483,Sherlock Homes: Consulting Detective,Thematic/Deduction,1 to 8,3,60-120 minutes,10+
484,Shut the Box,Children/Dice,2 to 4,1,30 minutes,8+
485,Sid Meier's Civilization: Fame and Fortune,Strategy,2 to 5,3.5,180 minutes,14+
486,Sid Meier's Civilization: The Board Game,Strategy,2 to 4,4,120-240 minutes,13+
487,Sidibaba,Partnerships/Voting,3 to 7,2,45 minutes,14+
488,Simon's Cat,Cards/Memory/Humor,3 to 6,1.5,10-25 minutes,6+
489,Six Degrees of Kevin Bacon,Trivia/Party,2 to 4,1,30 minutes,12+
490,Skipbo,Cards,2 to 6,1,20 minutes,7+
491,Skulldug!,Tile Placement,1 to 6,2,45-90 minutes,13+
492,Skulldug!,Tile Placement,1 to 6,2,45-90 minutes,13+
493,Skyjo,Cards,2 to 8,1,15-45 minutes,8+
494,Slamwich,Party/Dexterity,2 to 6,1,10 minutes,6+
495,Smallworld,Family/Strategy,2 to 5,2.5,40-80 minutes,8+
496,Smash Up,Strategy/Card/Family,2 to 4,2,45 minutes,12+
497,Smash Up: Awesome Level 9000,Strategy/Card/Family,2 to 4,2,45 minutes,12+
498,Smash Up: It's Your Fault!,Strategy/Card/Family,2 to 4,2,45 minutes,12+
499,Smash Up: Monster Smash,Strategy/Card/Family,2 to 4,2,45 minutes,12+
500,Smash Up: Munchkin,Strategy/Card/Family,2 to 4,2,45 minutes,12+
501,Smash Up: Obligatory Cthulhu Set,Strategy/Card/Family,2 to 4,2,45 minutes,12+
502,Smash Up: Pretty Pretty Smash Up,Strategy/Card/Family,2 to 4,2,45 minutes,12+
503,Smash Up: Science Fiction Double Feature,Strategy/Card/Family,2 to 4,2,45 minutes,12+
504,Smash Up: The Big Geeky Box,Strategy/Card/Family,2 to 4,2,45 minutes,12+
505,Snafu (Screwball Scramble),Maze,2 to 4,1,30 minutes,4+
506,Snakes and Ladders,Children,2 to 4,1,15 minutes,4+
507,Something Different,Party,3 to 6,1,30 minutes,13+
508,Sons of Anarchy: Men of Mayhem,Thematic/Negotiation,3 to 4,2.5,60 minutes,13+
509,Sorry,Children,2 to 4,1,30 minutes,6+
510,Space Hulk: Death Angel: The Card Game,Thematic/Cards,1 to 6,2.5,30 minutes,13+
511,Spank the Yeti,Party,2 to 10,1,30 minutes,8+
512,Spin Out,Classic,1,1,10 minutes,8+
513,Spinout,Puzzle,1,2,-,8+
514,Spirit Island,Cooperative,1 to 4,4,90-120 minutes,13+
515,Splendor,Card Drafting,2 to 4,2,30 minutes,10+
516,Spontuneous,Party,4 to 10,1,30 minutes,8+
517,Spookre,Cards/Take That,3 to 5,1.5,20-40 minutes,10+
518,Spyfall,Party/Bluffing,3 to 8,1.5,15 minutes,12+
519,Star Realms,Card Drafting,2,2,20 minutes,12+
520,Star Trek Panic,Co-op,1 to 6,2,90-120 minutes,13+
521,Star Trek: Catan,Thematic/Strategy,3 to 4,2.5,75 minutes,10+
522,Star Trek: Five Year Mission,Thematic/Family,3 to 7,2,30-45 minutes,10+
523,Star Wars Armada,Miniatures/War Game,2,3,120 minutes,14+
524,Star Wars Escape from Death Star Game,Dice/Chance,2 to 4,1,20 minutes,7+
525,Star Wars Rebellion,Thematic,2 to 4,3.5,180-240 minutes,14+
526,Star Wars: Imperial Assault,Miniatures/War Game,2 to 5,3.5,60-120 minutes,14+
527,Star Wars: The Card Game,Hand Management,2,3,60 minutes,10+
528,Star Wars: X-Wing Miniatures Game,Bluffing,2 to 4,2.5,30-45 minutes,14+
529,Stay Away!,Bluffing/Deduction,4 to 12,1,15-60 minutes,12+
530,Steam Park,Family/City Building,2 to 4,2,90 minutes,8+
531,Steam Time,Strategy,2 to 4,3,90 minutes,12+
532,Sticky Sticks,Dexterity,2 to 4,1,10 minutes,4+
533,StoryLine Fairy Tales,Children's/Story Building,3 to 8,1,15-40 minutes,8+
534,Stratego,Classic,2,2,45 minutes,8+
535,Stop Thief!,Cooperative,2 to 4,1.5,30-60 minutes,10+
536,Stuffed Fables,Dice Rolling/Co-operative,2 to 4,2.5,60-90 minutes,7+
537,Suburbia,City Building/Card Drafting,1 to 4,3,90 minutes,8+
538,Such a Thing,Party,2 to 8,1.5,30 minutes,10+
539,Superfight,Party,3 to 10,1.5,30 minutes,5+
540,Survive: Escape from Atlantis,Family/Dice Rolling,2 to 4,1.5,60 minutes,8+
541,Survive! Space Attack,Dice Rolling,2 to 4,2,45-60 minutes,8+
542,Sushi Go,Card Drafting,2 to 5,1,15 minutes,8+
543,Sushi Go Party,Party,2 to 8,1.5,20 minutes,8+
544,Sword & Skull,Adventure,2 to 5,1.5,60 minutes,10+
545,Sword of Fellows,Cooperative,1 to 4,1,30 minutes,10+
546,T.I.M.E. Stories,Storytelling,2 to 4,2.5,90 minutes,12+
547,T.I.M.E. Stories: Under the Mask,Expansion,2 to 4,2.5,90 minutes,12+
548,Taboo,Party/Word,4 to 10,1,20 minutes,12+
549,Taco Cat Goat Cheese Pizza,Party,2 to 6,1,20 minutes,5+
550,Tak,Abstract,2,2.5,20-60 minutes,12+
551,Takenoko,Territory Building/Tile Placement,2 to 4,2,45 minutes,8+
552,Talisman: 4th Edition: The City Expansion,Adventure,2 to 6,2,90 minutes,13+
553,Talisman: 4th Edition: The Dragon Expansion,Adventure,2 to 6,2,90 minutes,13+
554,Talisman: 4th Edition: The Frostmarch,Adventure,2 to 6,2,90 minutes,13+
555,Talisman: 4th Edition: The Reaper Expansion,Adventure,2 to 6,2,90 minutes,13+
556,Talisman: Revised 4th Edition,Thematic,2 to 6,2,90 minutes,13+
557,Target Ball,Action/Dexterity,1 to 4,1,10 minutes,5+
558,Tash-Kalar: Arena of Legends,Abstract,2 to 4,3,30-60 minutes,13+
559,Telestrations,Party/Humor,4 to 6,1,30 minutes,12+
560,Telestrations: 12-Player Party Pack,Party,4 to 12,1,30 minutes,8+
561,Telestrations: After Dark,Party,4 to 8,1,20-30 minutes,17+
562,Tem-Purr-A,Social,3 to 7,1,30 minutes,8+
563,Terra Mystica,Strategy,2 to 5,4,60-150 minutes,12+
564,Terraforming Mars,Card Drafting,1 to 5,3.5,90-120 minutes,12+
565,Terrene Odyssey,Deduction,2 to 4,2.5,20 minutes,12+
566,Terror in Meeple City (a.k.a. Rampage),Action/Dexterity,2 to 4,1.5,45 minutes,8+
567,The Battle of Five Armies,Thematic/Wargames,2,3.5,90-240 minutes,13+
568,The Black Rose,Bluffing/Card,3 to 5,2,20 minutes,15+
569,The Blood of an Englishman,Abstract/Strategy,2,2,20-30 minutes,10+
570,The Builders: Antiquity,Family/City Building,2 to 4,2,30 minutes,10+
571,The Cat Drawing Game,Dtawing,3 or more,1,15-30 minutes,16+
572,The Downfall of Pompeii,Tile Placement,2 to 4,2,45 minutes,10+
573,The Game of Life,Family/Chance,2 to 6,1,60 minutes,9+
574,The Great Dinosaur Rush,Set Collection,2 to 5,2,60 minutes,10+
575,The Grizzled,Co-op/Cards,2 to 5,2,30 minutes,10+
576,The Inventor,Roll and Spin,3 to 4,1.5,60 minutes,9+
577,The Joker's Wild Game,Trivia,3,1,30 minutes,10+
578,The Resistance,Bluffing/Party,5 to 10,2,30 minutes,13+
579,The Resistance: Avalon,Card,2,2,45 minutes,12+
580,The Rivals for Catan,Card/Strategy,2,2.5,45 minutes,10+
581,The Simpsons Trivia Game,Trivia,2 to 5,1.5,60 minutes,8+
582,The Simpsons: Homer's Trivia Game,Trivia,2 to 5,1.5,60 minutes,8+
583,The Thing: Infection at Outpost 31,Bluffing/Social Deduction,4 to 8,2.5,60-120 minutes,17+
584,The Three Little Pigs,Childrens,2 to 5,1,20 minutes,7+
585,Those Pesky Humans!,Tile Placement,2 to 4,2,90 minutes,13+
586,Three Cheers for Master,Card/Humor,2 to 6,1.5,20-40 minutes,13+
587,Through the Ages: A Story of Civilization,City Building/Card Drafting,2 to 4,4,240 minutes,12+
588,Thunderstone,Card Drafting,1 to 5,2.5,60 minutes,12+
589,Ti-Ominos,Abstract,2 to 6,1.5,30 minutes,6+
590,Ticket to Ride,Family,2 to 5,2,30-60 minutes,8+
591,Ticket to Ride: Europe,Family,2 to 5,2,30-60 minutes,8+
592,Ticket to Ride: First Journey,Children/Strategy,2 to 4,1.5,15-30 minutes,6+
593,Ticket to Ride: Nordic Countries,Card Drafting,2 to 3,2,30-60 minutes,8+
594,Ticket to Ride: Rails & Sails,Route Building/Set collection,2 to 5,3,60-120 minutes,10+
595,Tide of Iron,Wargames,2 to 4,3.5,120 minutes,12+
596,Tides of Madness,Card Drafting,2,1.5,20 minutes,10+
597,Tides of Time,Card Drafting,2,1,10-15 minutes,10+
598,Till Dawn,Press Your Luck,4 to 8,1.5,30 minutes,8+
599,Time Management: The Time Management Game,Tile Placement,1 to 4,1.5,30 minutes,13+
600,Timeline - Americana,Trivia,2 to 8,1,15-20 minutes,8+
601,Timeline - Discoveries,Trivia,2 to 8,1,15-20 minutes,8+
602,Timeline - Historical Events,Trivia,2 to 8,1,15-20 minutes,8+
603,Timeline - Inventions,Trivia,2 to 8,1,15-20 minutes,8+
604,Timeline - Music and Cinema,Trivia,2 to 8,1,15-20 minutes,8+
605,Tiny Epic Western,Bluffing/Worker Placement,1 to 4,3,30-45 minutes,14+
606,Tip It,Abstract,1 to 4,1,45 minutes,8+
607,Tokaido,Set Collection,2 to 5,2,45 minutes,8+
608,Topple,Dexterity,2 to 4,1,20 minutes,
609,Trains: Rising Sun,Strategy,2 to 4,2.5,45 minutes,12+
610,Traitor Mechanic: The Traitor Mechanic Game,Cards/Bluffing,4 to 10,12,30 minutes,13+
611,Tribond,Party,2 to 15,1.5,60 minutes,12+
612,Trick-Taking: The Trick-Taking Game,Cards,2 to 4,1.5,15-30 minutes,8+
613,Triple Yahtzee,Dice,2 to 4,1,30 minutes,6+
614,Trivial Pursuit 20th Anniversary Edition,Trivia,2 to 24,2,90 minutes,12+
615,Trivial Pursuit Family Edition,Child/Party/Trivia,2 to 8,1,90 minutes,12+
616,Trivial Pursuit Genus Edition,Trivia,2 to 24,2,90 minutes,12+
617,Trouble,Children,2 to 4,1,45 minutes,4+
618,Tsuro,Family/Abstract,2 to 8,1.5,15 minutes,8+
619,Twilight Imperium,Strategy,3 to 6,5,240 minutes,14+
620,Twilight Struggle,Wargames/Strategy,2,3.5,180 minutes,13+
621,Twixt,Strategy,2 or 4,2,30 minutes,12+
622,UNO,Classic/Cards,2 to 10,1,30 minutes,6+
623,UNO Rummy-Up,Abstract,2 to 4,1.5,60 minutes,7+
624,Uno Stacko,Social,2 to 10,1,20 minutes,8+
625,Uno Wild Tiles,Strategy,2 to 4,1,10 minutes,8+
626,UpWords,Word,2 to 4,2,90 minutes,10+
627,Viceroy,Card Drafting,1 to 4,2.5,45-60 minutes,12+
628,Virulence,Bluffing/Deduction,2 to 5,1.5,10-20 minutes,8+
629,Viticulture,Strategy,2 to 6,3,90 minutes,13+
630,VivaJava: The Coffee Game,Bluffing Negotiation,3 to 8,2.5,90 minutes,13+
631,War of the Ring: 2nd Edition,Thematic/Wargames,2 to 4,4,150 minutes,13+
632,Warhammer Quest: The Adventure Card Game,Co-op / Role Playing,1 to 4,2.5,30-60 minutes,14+
633,Wasteland Express,Dice Rolling,2 to 5,3,90-120 minutes,13+
634,What Do You Meme?,Party,3 to 6,1,90 minutes,18+
635,Wildlife Adventure,Route Building,2 to 6,1,60 minutes,10+
636,Wildlife Safari,Hand Management,2 to 5,1.5,20-30 minutes,7+
637,Wits & Wagers,Trivia,3 to 7,1,25 minutes,10+
638,Wombat Rescue,Grid Movement/Humor,1 to 4,2,60 minutes,10+
639,Wordsy,Word Game,1 to 6,1,20 minutes,8+
640,World of Warcraft: The Adventure Game,Thematic,2 to 4,2.5,90 minutes,12+
641,World's Fair 1893,Area Control/Set Collection,2 to 4,2,35-45 minutes,10+
642,XenoShyft: Onslaught,Thematic/Strategy,1 to 4,2.5,30-60 minutes,13+
643,Yahtzee,Chance,2 to 10,2,30 minutes,6+
644,You Gotta Be Kitten Me!,Bluffing,2 to 10,1.5,30 minutes,10+
645,You've Got Crabs + Claw Expansion,Party,4 to 10,1.5,15-20 minutes,7+
646,Ys,Strategy/Bluffing,3 to 4,3,60-90 minutes,12+
647,Zany Penguins,Hand Management,2 to 5,1.5,20 minutes,7+
648,Zombicide,Thematic/Horror,1 to 6,2.5,45-180 minutes,13+
649,Zombicide Season 2: Prison Outbreak,Thematic/Horror,1 to 6,2.5,90-180 minutes,13+
650,Zombicide: Angry Neighbors,Thematic/Horror,1 to 6,2.5,45-180 minutes,13+
651,Zombicide: The Black Plague,Thematic/Horror,1 to 6,2.5,60-180 minutes,10+
652,Zombicide: Toxic City Mall Expasion,Thematic/Horror,1 to 6,2.5,45-180 minutes,13+
653,Zooloretto,Tile Placement,2 to 5,2,45 minutes,8+
654,Zooreka,Children's/Story Building,2 to 4,1,40 minutes,8+
