Game,Category,Players,Difficulty (1-5),Avg. Play Time,Age
1313 Dead End Drive,Children/Bluffing/Deduction,2 to 4,1.5,45 minutes,9+
20 Questions,Party,2 to 7,1.5,30 minutes,8+
6 nimmt!,Cards,2 to 10,1,45 minutes,8+
7 Wonders,Strategy/City Building,2 to 7,2.5,30 minutes,10+
7 Wonders Duel,Strategy/City Building,2,2,30 minutes,10+
A Game of Thrones: The Board Game (Second Edition),Bluffing/Area Control,3 to 6,3.5,120-240 minutes,14+
A Study in Emerald,Deckbuilding/Horror,2 to 5,3,60 minutes,13+
A Touch of Evil,Adventure/Horror,2 to 8,2.5,90 minutes,12+
Above and Below,Card Drafting,2 to 4,2.5,90 minutes,13+
Accentuate,Party,4 to 12,1,30 minutes,12+
Advance to Boardwalk,Children's/Area Control,2 to 4,1.5,60 minutes,8+
Adventure Land,Area Control,2 to 4,2,45 minutes,10+
Aeon's End: War Eternal,Card Drafting/Co-operative,1 to 4,3,60 minutes,14+
Aggravation,Roll/Spin/Move,4 to 6,1,45 minutes,6+
Agricola,Card Drafting,1 to 5,3.5,30-150 minutes,12+
Agricola: All Creatures Big & Small (2-Player Edition),Strategy/Tile Placement,2,2.5,30 minutes,13+
Alhambra,City Building,2 to 6,2,45-60 minutes,8+
Alhambra (German version),Tile Placement,2 to 6,2,45-60 minutes,8+
Among the Stars,Strategy/City Building,2 to 4,2,30 minutes,12+
Android: Netrunner,Bluffing,2,3.5,45 minutes,14+
Angelina Ballerina's Dancing Game,Children's,2 to 4,1,15 minutes,3+
Apples to Apples,Party/Humor/Cards,4 to 10,1,30 minutes,12+
Apples to Apples - Big Picture,Party/Humor/Cards,4 to 6,1,30 minutes,7+
Apples to Applies Junior,Children/Party,4 to 10,1,30 minutes,9+
Arcane Academy,Card Drafting/Tile Placement,2 to 4,2.5,30-45 minutes,12+
Are You Smarter Than a 5th Grader,Trivia,2 to 4,1,30 minutes,8+
Arkham Horror,Co-op,1 to 8,3.5,120-240 minutes,12+
Ars Victor,Wargame,2,2.5,60 minutes,13+
Ascension,Deckbuilding,1 to 4,2,30 minutes,13+
Axis and Allies,Wargame,2 to 5,3,180 minutes,12+
Backgammon,Classic,2,1.5,30 minutes,8+
Backyard Builders Treehouse,Card Drafting,2 to 5,1,5-10 minutes,6+
Bad Beets,Bluffing,2 to 5,1.5,15 minutes,8+
Balderdash,Classic/Party/Bluffing,2 to 6,1.5,60 minutes,12+
Banana Bandits,Dice Rolling,2 to 4,2,25-40 minutes,8+
Bananagrams Party,Words,2 to 8,1,25 minutes,10+
Bananagrams Wild Tiles,Words,2 to 8,1,25 minutes,10+
Bang: Heroes of the Storm,Bluffing/Party/Deduction,4 to 7,1.5,45 minutes,10+
Bang!,Bluffing,4 to 7,1.5,20-40 minutes,8+
Bargain Hunter,Strategy,3 to4,2,60 minutes,10+
Battle Kittens,Drafting,2 to 6,1.5,15 minutes,8+
Battle Line,Deduction/Hand Management,2,2,30 minutes,12+
Battle Sheep,Abstract,2 to 4,1.5,15 minutes,7+
Battles of Westeros,Wargame,2,3,60-120 minutes,12+
Battles of Westeros: Wardens of the North,Wargame,2,3,60-120 minutes,12+
Battles of Westeros: Wardens of the West,Wargame,2,3,60-120 minutes,12+
Battleship,Strategy,2,1.5,30 minutes,8+
Battlestar Galactica,Bluffing,3 to 6,3,120-240 minutes,10+
Bears!,Party/Dice Rolling,2 to 4,1,20 minutes,7+
Bears vs. Babies,Party,2 to 5,1.5,20 mins,8+
Beer Money,Cards/Fighting,2 to 4,2,10 minutes,12+
Betrayal at House on the Hill,Co-op/Horror,3 to 6,2.5,60 minutes,12+
Between two Cities,City Building,3 to 7,2,20 minutes,8+
Biblios,Card Drafting,2 to 4,1.5,30 minutes,10+
Big Money,Dice Rolling,2 to 5,1,30 minutes,8+
Billionaire Banshee,Party/Adult,15-Jan,1,60 minutes,17+
BioShock Infinite: The Siege of Columbia,Strategy,2 to 4,3,60 minutes,13+
Blokus,Abstract/Strategy,2 to 4,1,20 minutes,5+
Blokus (Travel),Abstract/Strategy,2 to 4,1,20 minutes,5+
Blood Bowl Team Manager,Card Drafting,2 to 4,3,90 Minutes,14+
Blood Feud in New York,Miniatures/Territory Building,2 to 6,2.5,180 minutes,12+
Blood Rage,Miniatures/Card Drafting,2 to 4,3,60-90 minutes,13+
Blood Rage 5th Player Expansion,Expansion to Blood Rage,5,2.5,60-90 minutes,11+
Bob Ross: The Art of Chill,Set Collection,2 to 4,1.5,30 minutes,12+
Bohnanza,Negotation,2 to 7,1.5,45 minutes,13+
Bonbons,Children's/Memory,2 to 6,1,10-20 minutes,7+
Boss Monster,Card Strategy,1 to 4,2,20 minutes,13+
Boss Monster 2: The Next Level,Card Strategy,2 to 4,2,20-30 minutes,13+
Bottom of the 9th,Bluffing/Deduction,1 to 2,1.5,5-20 minutes,13+
"Brave Rats (a.k.a. ""R"")",Card/Deduction,2,1,15 minutes,8+
Brew Crafters,Worker Placement,2 to 5,3.5,90 minutes,12+
Brick Party,Party,4 to 9,1.5,30 minutes,5+
Spookre,Trickery,3 to 5,1.5,20-40 minutes,10+
Broom Service,Strategy,2 to 5,2.5,30-75 minutes,10+
Bump in the Night,Miniatures/Horror,2 to 6,2.5,60 minutes,12+
Bunny Bunny Moose Moose,Party/Dexterity,3 to 6,1.5,20 minutes,9+
Cacao,Territory Building/Tile Placement,2 to 4,2,45 minutes,8+
Camel Up,Family/Wagering,2 to 8,1.5,20-30 minutes,8+
Can't Stop,Press Your Luck,2 to 4,1,30 minutes,9+
Candamir: The First Settlers,Set Collection,2 to 4,2.5,60 minutes,12+
Candyland,,2 to 4,1,10 minutes,4+
Candyland,Children,2 to 4,1,10 minutes,4+
Captain Sonar,Party/Deduction,2 to 8,2,45-60 minutes,14+
Car Wars,Wargames,2 to 8,3,45 minutes,10+
Car Wars: Arenas,Thematic/Cards,2 to 6,1.5,60 minutes,10+
Car Wars: The Card Game,Thematic/Cards,2 to 6,1.5,60 minutes,10+
Carcassone: Inns and Cathedrals,Expansion for Carcassone,2 to 6,2,60 minutes,8+
Carcassonne,Strategy,2 to 5,3,30-90 minutes,8+
Carcassonne: The Discovery,Tile Placement,2 to 5,2,30 minutes,8+
Cardline - Animals,Trivia,2 to 8,1,15-20 minutes,8+
Cards Against Humanity,Party/Adult,4 to 30,1,30 minutes,18+
Cards Against Humanity: ALL 26 Expansions,Party/Adult,4 to 30,1,30 minutes,18+
Cartagena,Family/Racing,2 to 5,1.5,45 minutes,8+
CaSh n' GunS: 2nd Edition,Party/Bluffing,4 to 6,1.5,30 minutes,10+
Castle Panic,Co-Op/Tower Defense,1 to 6,2,30 minutes,10+
Castle: The Detective Card Game,Murder/Mystery,2 to 5,1,25 minutes,15+
Castles of Burgundy,Strategy,2 to 4,3,30-90 minutes,12+
Castles of Mad King Ludwig,Card Drafting,1 to 4,2.5,90 minutes,13+
Cat Tower,Stacking,2 to 6,1,15 minutes,4+
Cat-opololy,Classic/Thematic,2 to 6,1.5,60 minutes,9+
Catan 5-6 players Extension,Expansion to Catan,5 to 6,2.5,120 minutes,10+
Catan Settlers of America Trails to Rails,Route Building,3 to 4,2.5,120 minutes,12+
Catan Struggle for Rome,Area Movement,3 to 4,2.5,120 minutes,10+
Catan: 5th Edition,Strategy,3 to 4,2.5,60-120 minutes,10+
Catan: Game of Thrones,Strategy/Family,3 to 4,2.5,60-120 minutes,10+
Catch Phrase,Party,4 to 16,1,30 minutes,12+
Catch the Moon,Action/Dexterity,2 to 6,1,20 minutes,6+
CDMC 3K,Party/Hand Management,2 to 4,1,30 minutes,6+
Celestia,Press Your Luck,2 to 6,1.5,30 minutes,8+
Century: Spice Road,Card Drafting,2 to 5,2,30-45 minutes,8+
Chameleon,Party,3 to 8,1,5 minutes,14+
Champions of Midgard,Strategy,2 to 4,2.5,60-90 minutes,10+
Checkers,Classic,2,2,30 minutes,6+
Cheers Trivia,Trivia,2 to 8,1,60 minutes,12+
Chess,Strategy,2,4,60 minutes,6+
Chess (3-player chess),Classic,3,3,60 minutes,8+
Chinese Checkers,Classic,2 to 6,1.5,30 minutes,7+
Chutes & Ladders,Childrens,2 to 4,1,20 minutes,6+
Citadels,Strategy/City Building,2 to 8,2,20-60 minutes,10+
Clank! A Deck Building Adventure,Deck Building,1 to 4,2,30-60 minutes,12+
Clank! In Space,Card Drafting,2 to 4,2.5,60 minutes,13+
Click Clack Lumberjack,Abstract/Party,2 to 7,1.5,10 minutes,5+
Clue,Bluffing/Deduction,3 to 6,1,45 minutes,8+
Clue Jr.,Children's/Deduction,3 to 6,1,45 minutes,6+
Cobra Paw,Party/Dexterity,2 to 6,1,5-15 minutes,6+
Coconuts,Action/Dexterity,2 to 4,1,20 minutes,6+
Coconuts Duet,Action/Dexterity,2,1,20 minutes,6+
Codenames,Party/Deduction,2 to 8,1.5,15 minutes,14+
Codenames Pictures,Party/Deduction,2 to 8,1.5,15 minutes,14+
Codenames Marvel,Party/Deduction,3 to 8,1.5,16 minutes,14+
Codenames Disney,Party/Deduction,4 to 8,1.5,17 minutes,14+
Colonial: Europe's Empires Overseas,Area Control,2 to 6,3.5,120 minutes,14+
Coloretto,Card Drafting,2 to 5,1.5,30 minutes,8+
Colt Express,Hand Management,2 to 6,2,30-40 minutes,10+
Concept,Party,4 to 12,1.5,40 minutes,10+
Concordia,Strategy/Card Drafting,2 to 5,3,100 minutes,13+
Connect 4,Classic,2,1,15 minutes,6+
Conquest of Pangaea,Strategy,2 to 4,2.5,90 minutes,12+
Cooperation: The Wealth of Nations,Educational,2 to 6,1,30 minutes,8+
Cosmic Encounter,Thematic/Strategy,3 to 5,2.5,60-120 minutes,12+
Costa Rica,Press Your Luck,2 to 5,1.5,30-45 minutes,8+
Cottage Garden,Tile Placement,1 to 4,2,45-60 minutes,8+
Coup,Party/Bluffing/Memory,2 to 6,1.5,15 minutes,9+
Coup: Rebellion G4,Party Strategy,3 to 6,2,15 minutes,14+
Covalence,Deduction,2 to 4,1.5,15-40 minutes,8+
Crab Stack,Strategy,2 to 4,1.5,20 minutes,8+
Cranium,Party/Trivia/Word,4 to 16 (Best 8),1.5,60 minutes,13+
Cranium Cadoo,Children/Creative,2 to 16,1,45 minutes,7+
Cribbage,Card,2 to 4,2,30 minutes,10+
Crokinole,Action/Dexterity/Flicking,2 or 4,1.5,30 minutes,8+
Crosstalk,Party/Deduction,4 to 8,1.5,30 minutes,10+`
Cry Havoc,Strategy/War Game,2 to 4,3.5,90-120 minutes,10+
Cup a Cup,Party/Childrents,3 to 8,1,20 minutes,5+
Curses!,Party/Acting,3 to 6,1,25 minutes,12+
Cutthroat Caverns,Hand Management,3 to 6,2,90 minutes,12+
Dead Man's Draw: Captain Carcass,Cards,2 to 4,1.5,10 -15 minutes,13+
Dead Man's Treasure (a.k.a. Fruit Spy),Bluffing/Area Control,3 to 5,1.5,15-20 minutes,8+
Dead of Winter,Horror/Zombies,2 to 5,3,60-120 minutes,13+
Dead Panic,Co-op,2 to 6,2,90 minutes,13+
Dealer's Choice,Auction/Bidding,3 to 5,1.5,45 minutes,8+
Deception: Murder in Hong Kong,Bluffing/Party,4 to 12,1.5,20 minutes,14+
Deck Building: The Deck Building Game,Cards,2,1.5,10-20 minutes,13+
Descent: Journey's in the Dark: 1st Edition,Thematic,2 to 5,3.5,240 minutes,12+
Descent: Journeys in the Dark: 2nd Edition,Thematic,2 to 5,3,120 minutes,14+
Dice Masters: Age of Ultron,Dice Rolling,2,2.5,60 minutes,14+
Dice Masters: Avengers vs. X-Men,Dice Rolling,2,2.5,60 minutes,14+
Dice Masters: Uncanny X-Men,Dice Rolling,2,2.5,60 minutes,14+
Dictitious,Party,4 to 12,1,30 minutes,17+
Dinosaur Tea Party,Deduction/Humor,3 to 5,1,20-30 minutes,7+
Dixit,Party/Cards/Humor,3 to 6,1.5,30 minutes,6+
Domaine,Area Control,2 to 4,2.5,60 minutes,12+
Dominion,Card/Strategy,2 to 4,2.5,30 minutes,13+
Dominoes,Strategy,1+,1,-,-
Down Force,Auction/Bidding,2 to 6,2,20-40 minutes,10+
Drachen Turm,Dice Rolling,2 to 4,1,30 minutes,8+
Dracula's Feast,Bluffing/Deduction,4 to 8,1.5,10-15 minutes,10+
Dracula's Feast: Cthulhu & Friends,Expansion to Dracula's Feast,40 to 10,1.5,10-15 minutes,10+
Dread Pirate,Roll and Spin,2 to 4,1.5,60 minutes,8+
Dream Phone,Children,1 to 4,2.5,20 minutes,9+
Elasund: The First City,Strategy,2 to 4,2.5,60-90 minutes,10+
Elder Sign,Thematic,1 to 8,2.5,90 minutes,13+
Elder Sign: Unseen Forces,Thematic/Adventure,1 to 8,2.5,90 minutes,14+
Eldritch Horror,Fantasy/Adventure,1 to 8,3.5,120-240 minutes,14+
Electronic Battleship,Strategy,2,1,30 minutes,10+
Elixir,Auction/Bidding,3 to 8,1.5,60 minutes,10+
Encounters: Shadowrun,Dice/Science Fiction,1 to 8,2,15-30 minutes,13+
End is Nigh,Bluffing/Deduction,2 to 6,2,15-20 minutes,13+
Ender's Game: Battle School,Dice Rolling,2,2.5,30-45 minues,15+
Escape the Room: Mystery at Stargazer's Manor,Party/Co-op,3 to 8,1.5,90 minutes,10+
Ethnos,Strategy,2 to 6,2,30-45 minutes,14+
Euphoria: Build a Better Dystopia,Dice Rolling/Set Collection,2 to 6,3,60 minutes,13+
Evolution,Strategy/Animals,2 to 6,2.5,50-70 minutes,10+
Expedition: Famous Explorers,Strategy,2 to 6,2,60-90 minutes,13+
Exploding Kittens,Party/Cards,2 to 5,1,15 minutes,7+
Exploding Kittens: NSFW Deck,Party/Cards,2 to 5,1,15 minutes,18+
Fact or Crap,Trivia,3 to 8,1,30 minutes,12+
Fairy Tale,Card Drafting,2 to 6,2,30 minutes,10+
Fallout,Stategy/Adventure,1 to 4,3,140-180 minutes,14+
Farkle,Dice,2 to 8,1,30 minutes,8+
Feast for Odin,Area Enclosure,1 to 4,4,30-120 minutes,12+
Felinia,Territory Building,2 to 4,2.5,60 minutes,10+
Fetch,Racing,2 to 4,1,15 minutes,12+
Firefly,Thematic Fantasy,1 to 4,3,120-240 minutes,13+
Fish Frenzy,Bidding,3 to 5,1,2--30 minutes,10+
Fistful of Dinero,Card Drafting,3 to 6,2,30-45 minutes,10+
Five Tribes,Strategy,2 to 4,3,40-80 minutes,13+
Flapjacks and Sasquatches,Cards,2 to 8,1.5,20 minutes,8+
Flash Point: Fire Rescue,Thematic/Family,1 to 6,2,45 minutes,10+
Flip Hue,Cards,3 to 6,1.5,30 minutes,8+
Flipships,Co-Op/Dexterity,1 to 4,1.5,30-45 minutes,8+
Flock,Abstract Stategy,2 to 5,2.5,30 minutes,14+
Florenza: The Card Game,Strategy/City Building,2 to 4,2.5,60 Minutes,14+
Flow of History,Auction/Bidding,3 to 5,2.5,60-90 minutes,12+
Fluxx,Hand Management,2 to 6,1.5,5 to 30 minutes,8+
For Sale,Auction/Bidding,3 to 6,1.5,20 minutes,8+
Forbidden Desert,Co-op Grid Movement,2 to 5,2,45 minutes,10+
Forbidden Island,Co-op/Strategy,2 to 4,1.5,30 minutes,10+
Formula D,Dice Rolling,2 to 10,2,60 minutes,8+
Fortress America,Wargames,2 to 4,2.5,150 minutes,13+
Fossil Find,Strategy,1 to 6,1.5,45-60 minutes,13+
Friday,Cards/Solo,1,2,25 minutes,10+
Funglish,Party,3 to 12,1,25 minutes,12+
FUSE,Dexterity/Dice,1 to 5,2,10 minutes,10+
Galaxy Trucker,Tile Placement/Humor,2 to 4,2.5,60 minutes,10+
Game of Thrones,Card Drafting,2 to 4,3,60 minutes,14+
Gettysburg,Strategy,2,3,40-240 minutes,12+
Giants,Strategy/Bidding/Worker Placement,3 to 5,3,90 minutes,10+
Gloom,Storytelling/Party,2 to 4,1.5,60 minutes,13+
Go Bleep Yourself!,Party,4 to 10,1,40 minutes,14+
Go Cuckoo!,Party,2 to 6,1,10-15 minutes,4+
Go Fish Yourself,Party/Adult,4 to 6,1,15-45 min,18+
Grackles,Abstract,2 to 4,1.5,20-30 minutes,10+
Gravwell: Escape from the 9th Dimension,Card Drafting,1 to 4,2,20-35 minutes,12+
Great Western Trail,Pool Building,2 to 4,3.5,75-150 minutes,12+
Greedy Greedy Goblins,Tile Placement/Bluffing,2 to 4,2,25-35 minutes,14+
Gruff,Fantasy,2 to 4,3,20-45 minutes,11+
Guesstures,Party,4+,1,10 minutes,12+
Guillotine,Family/Card/Humor,2 to 5,1,30 minutes,12+
Hanabi,Family/Cards,2 to 5,1.5,25 minutes,8+
Hangman,Deduction/Word,2,1,15 minutes,8+
Happy Salmon,Party,3 to 6,1,2 minutes,6+
Harry Potter: Hogwart's Battle,Cards/Co-Op,2 to 4,2,30-60 minutes,11+
Headbanz,Party,3 to 10,1,60 minutes,8+
Headbanz for Adults,Party/Adult,3 to 10,1,60 minutes,8+
"Here, Kitty, Kitty",Animals,3 to 6,1,30 minutes,10+
Heroes Wanted,Grid Movement/Humor,1 to 5,2.5,45 minutes,13+
Heroes Wanted: Breaking News,Grid Movement/Humor,1 to 5,2.5,45 minutes,13+
Heroes Wanted: Champions and Masterminds,Grid Movement/Humor,1 to 5,2.5,45 minutes,13+
Heroes Wanted: Extra Extra,Grid Movement/Humor,1 to 5,2.5,45 minutes,13+
Hex Hex XL,Cards,3 to 6,2,20 minutes,14+
"Hey, That's my Fish",Abstract/Grid Movement,2 to 4,1.5,20 minutes,8+
High Noon Saloon,Area Movement,2 to 6,1.5,45 minutes,10+
Hive,Abstract,2,2.5,20 minutes,9+
Hive Pocket,Abstract,2,2.5,20 minutes,9+
Hocus,Cards,2 to 5,2.5,30 minutes,10+
Honor of the Samurai,Strategy/Cards,3 to 6,2,90 minutes,10+
Hotshots,Co-op/Dice Rolling,1 to 4,2,60 minutes,10+
How to Serve Man,Humor/Worker Placement,6-Feb,2,60 minutes,10+
Hungry Hungry Hippo,Children,2 to 4,1,10 minutes,4+
Ice Cool,Children,2 to 4,1,20 minutes,6+
ImagiNiff: 10th Anniversary Edition,Party/Bluffing,3 to 8,1,35 minutes,12+
Imhotep,Area Control,2 to 4,2,40 minutes,10+
Impact: Battle of Elements,Dice Rolling,2 to 5,1,15 minutes,8+
Imploding Kittens,Party,2 to 6,1,15 minutes,7+
Incan Gold,Bluffing,3 to 8,1,20 minutes,8+
Indigo,Abstract / Family,2 to 4,1.5,30 minutes,8+
Indulgence,Card Game,3 to 4,1.5,45-60 minutes,14+
Ingenious,Abstract,1 to 4,2,45 minutes,10+
Inis,Card Drafting,2 to 4,3,60-90 minutes,14+
Ion: A Compound Building Game,Deduction,2 to 7,1.5,20-40 minutes,8+
Island Fortress,Auction/Bidding,2 to 4,3,90 minutes,13+
Isle of Skye: From Chieftain to King,Territory Building/Tile Placement,2 to 5,2.5,30-50 minutes,8+
Islebound,Area Control,2 to 4,3,60-120 minutes,13+
Jack Straws,Children/Dexterity,2 to 5,1,10 minutes,6+
Jack the Ripper,Deduction,2,2.5,120 minutes,12+
Jaipur,Card Drafting,2,1.5,30 minutes,12+
Jenga,Classic/Party,1 to 8,1,20 minutes,6+
Jim Henson's Labyrinth: The Board Game,Area Movement//Co-op,1 to 5,1.5,60-120 minutes,6+
Jokers and Marbles,Classic,2 to 6,1.5,30-60 minutes,8+
Joking Hazard,Party Adult,3 to 10,1,30-90 minutes,18+
Jumanji,Family,2 to 4,1.5,45 minutes,8+
Jump Drive,Hand Management,2 to 4,2,20 minutes,13+
Jungle Speed,Dexterity/Party,2 to 10,1,15 minutes,8+
Junk Art,Hand Management,2 to 6,1.5,30 minutes,8+
Kanagawa,Card Drafting,2 to 4,2,45 minutes,10+
Karuba,Tile Placement,2 to 4,1.5,40 minutes,8+
Kemet,Area Control,2 to 5,3,90-120 minutes,13+
Kerala: The Way of the Elephant,Tile Placement,2 to 5,2,30 minutes,8+
#REF!,#REF!,#REF!,#REF!,#REF!,#REF!
#REF!,#REF!,#REF!,#REF!,#REF!,#REF!
King Kong,"Roll, Spin, Move",2 to 4,1,30 minutes,5+
King of Tokyo,Dice/Family,2 to 6,1.5,30 minutes,8+
Kingdomino,City Building,2 to 4,1.5,15-20 minutes,8+
Kingsburg,City Building,2 to 5,2.5,90 minutes,13+
Kittens in a Blender,Party,2 to 4,1,30 minutes,8+
Kitty Paw,Dexterity/Abstract,1 to 4,1,15 minutes,6+
Kodama: The Tree Spirits,Abstract Strategy,2 to 5,1.5,40 minutes,14+
Konane,Strategy/Checkers,2,2,20 minutes,6+
Konexi,Action,2 to 4,1.5,20 minutes,10+
Labyrinth: The Electronic Version,Classic/Tile Placement,2 to 4,1.5,20 minutes,8+
Lanterns: Harvest Festival,Tile Placement,2 to 4,1.5,30 minutes,8+
Last Night on Earth,Fighting/Horror,2 to 6,2.5,90 minutes,12+
Lazer Ryderz,Maze/Racing,2 to 4,1.5,30-60 minutes,12+
Leaders of Euphoria: Choose a Better Oppressor,Bluffing/Card Game,4 to 8,2,15-30 minutes,13+
Left Center Right,Party,3 to 12,1,20 minutes,5+
Legendary Encounters: Aliens,Card Drafting,1 to 5,2.5,45 minutes,17+
Legendary Fear Itself - Expansion to Legendary,Expansion,1 to 5,3,45 minutes,8+
Legendary: Buffy The Vampire Slayer,Card Drafting,1 to 5,3,30-60 minutes,14+
Legenday: A Marvel Deck Building Game,Thematic,1 to 5,2.5,45 minutes,14+
Leonardo da Vinci,Area Control,2 to 5,3,90 minutes,12+
Letters from Whitechapel,Thematic/Strategy,2 to 6,2.5,120 minutes,13+
Liar's Dice,Bluffing,2 to 6,1.5,15-30 minutes,8+
Libertalia,Hand Management,2 to 6,2,45 minutes,14+
Life (The Game of Life),Classic,2 to 6,1,60 minutes,8+
Life on the Farm,Children/Chance,2 to 6,1,120 minutes,8+
Livestock Uprising,Territory Building,2 to 4,2.5,90 minutes,14+
Loaded Questions,Party,3 to 6,1.5,45 minutes,13+
Locke & Key,Strategy,3 to 6,1.5,30 minutes,15+
Lord of the Rings: The Card Game,Thematic/Card,1 to 4,3,60 minutes,13+
Lords of Vegas,City Building,2 to 4,2.5,60 minutes,12+
Lords of Waterdeep,Strategy/City Building,2 to 5,2.5,60-120 minutes,12+
Lost Cities,Set Collection,2 to 4,2,30-60 minutes,8+
Lost Temple,Adventure,2 to 8,1.5,40 minutes,10+
Lotus,Cards/Area Control,2 to 4,1.5,30 minutes,8+
Love Letter,Family/Bluffing,2 to 4,1,20 minutes,10+
Love Letter: Legend of the Five Rings,Family/Bluffing,2 to 4,1,20 minutes,10+
Love Letter: Premium Edition,Deduction,2 to 8,1.5,20 minutes,14+
Machi Koro/City Building,City Building,2 to 4,2,30 minutes,7+
Madness,Cards,2 or 4,1,35 minutes,8+
Magic Basic Deck,Card/Fantasy,2 to 5,4,15-30 minutes,13+
Magic the Gathering Planeswalkers,Thematic Fantasy,2 to 5,2,60 minutes,10+
Magic Maze,Cooperative,1 to 8,1.5,15 minutes,8+
Mahjong,Abstract,3 to 4,2.5,120 minutes,8+
Mall Madness,Classic,2 to 4,1,60 minutes,9+
Mancala,Classic,2,2,10 minutes,5+
Manila,Chance/Strategy,3 to 5,3,60 minutes,10+
Marrakech,Tile Placement/Area Control,2 to 4,1.5,30 minutes,6+
"Marry, Date, Dump",Classic/Party,2 players,1.5,30 minutes,16+
Martinique,Bluffing/Deduction,2,2,30 minutes,10+
Mascarade,Party,2 to 13,1.5,30 minutes,10+
Mastermind,Classic,2,1.5,20 minutes,8+
Materia,Card Drafting,2 to 6,1,25-60 minutes,12+
Medieval Academy,Card Drafting,2 to 5,2,30 minutes,8+
Medina,Abstract/Strategy,3 to 4,3,60 minutes,10+
Memoir '44,Wargames,2,2.5,30-60 minutes,8+
Midnight Taboo (Adult Version),Party/Word,4 to 10,1,20 minutes,12+
Mission Red Planet,Area Contol,3 to 5,2.5,60 minutes,10+
Monikers,Party/Trivia/Acting,4 to 20,1,60 minutes,18+
Monopoly,Classic,2 to 8,2,180 minutes,8+
Monopoly Deal,Cards,2 to 5,1,15 minutes,8+
Moods,Party,3 to 8,1,20 minutes,18+
Mountains of Madness,Dice Rolling/Co-operative,3 to 5,2,60-90 minutes,12+
Mr. Jack,Deduction,2,2,30 minutes,9+
Mr. Jack Pocket,Strategy,2,2,15 minutes,14+
Munchkin Deluxe,Fantasy/Card,3 to 6,2,60 minutes,10+
Munchkin: Adventure Time,Fantasy/Card,3 to 6,2,60-90 minutes,10+
Mysterium,Deduction/Murder Mystery,2 to 7,2,42 minutes,10+
Mystery Date: 2009 Edition,Classic,2 to 4,1,30 minutes,7+
Nevermore,Card Drafting,3 to 6,2,45-60 minutes,14+
New Bedford: A Game of Historic Whaling & Town Building,Strategy / City Building,1 to 4,2.5,75 minutes,12+
New Bedford: Rising Tide,Expansion,1 to 5,2.5,75 minutes,12+
New England,Territory Building,3 to 4,2.5,90 minutes,12+
New York: 1901,City Building,2 to 4,2,30-60 minutes,8+
News @ 11,Party,4 to 11,1,30-45 minutes,7+
Nightfall,Card Drafting,2 to 5,2.5,45 minutes,12+
Nut So Fast,Dexterity,3 to 6,1,15-20 minutes,8+
Nyet!,Hand Management,2 to 5,2,30 minutes,10+
Obama Llama,Party/Trivia/Acting,4 to 99,1,30 minutes,18+
Ogre: Designer's Edition,Wargame,1 to 3,2.5,45 minutes,10+
Ogre: Objective 217,Cards/Wargame,1,2,15-30 minutes,10+
Oltre Mare,Strategy,2 to 5,2.5,60 minutes,12+
Once Upon a Time,Family/Storytelling,2 to 6,1.5,30 minutes,8+
One Deck Dungeon,Co-Op,1 to 2,2,30 minutes,14+
One Night Revolution,Bluffing/Cards/Party,3 to 10,2,15 minutes,14+
One Night Ultimate Werewolf,Party/Bluffing,3 to 10,1.5,10 minutes,8+
Onirim,Set Collection,1 to 2,1.5,15 minutes,8+
Onitama,Stategy,2,1,20-30 minutes,10+
Operation F.A.U.S.T.,Bluffing/Cards,3 to 8,2,30 minutes,13+
Oregon Trail,Cards,1 to 4,1.5,15-30 minutes,8+
Orleans,Pool Building,2 to 4,3,90 minutes,12+
Outburst!,Classic/Party/Trivia,4 to 20,1,60 minutes,18+
Pandemic,Co-Op/Strategy,2 to 4,3,60 minutes,13+
Pandemic on the Brink: Expansion for Pandemic,Co-op/Strategy,2 to 5,2.5,45 minutes,8+
Pandemic: Iberia,Cooperative,2 to 5,2.5,45 minutes,8+
Pandemic: Reign of Cthulhu,Cooperative,2 to 4,2,40 minutes,14+
Parade,Cards/Set Collection,2 to 6,1.5,20-30 minutes,12+
Parcheesi,Family,2 to 6,1,30 min,5+
Pass the Buck,Bluffing,3 to 5,1,30 - 45 minutes,14+
Passing the Bar,Lawyers,2 to 4,5,60 minutes,21+
Patchwork,Strategy,2,2,15-30 minutes,8+
Peaceful Resistance,Abstract Strategy,2 to 3,1.5,30 minutes,7+
Pentago,Abstract Strategy,2,2,3 to 30 minutes,6+
Peptide,Educational/Card Drafting,2 to 6,2,40 minutes,10+
Perfection,Children/Memory,No limit,1,6 minutes,5+
Perquackey,Dice/Word,2 to 6,2,20 minutes,8+
Phase 10,Cards,2 to 6,1.5,45 minutes,8+
Photosynthesis,Abstract Strategy,2 to 4,2.5,30-60 minutes,10+
Pictionary,Classic/Party,3 to 16,1.5,90 minutes,12+
Pin the Tail on the Donkey,Children,2 to 20,1,15 minutes,6+
Pirateology,Dice,2 to 6,1.5,45 min,8+
Pit,Party/Cards,3 to 8,1,30-90 minutes,7+
Pixel Tactics,Hand Management,2,2.5,45 minutes,12+
Playing Cards (52 Card Decks),Cards,1 to 20,1,45 minutes,3+
Poker Set,Chance,4 to 8,3,2 hours,8+
Portobello Market,Strategy/Area Control,2 to 4,2,35 minutes,8+
Potion Explosion,Pattern Regonition,2 to 4,1.5,30-60 minutes,8+
Power Grid,Strategy/Auction,2 to 6,3.5,120 minutes,12+
Pretty Pretty Princess,Classic,2 to 4,1,20 minutes,5+
Private Die,Dice Rolling,2 to 6,1.5,15 minutes,10+
Prosperity,Card Drafting/Tile Placement,2 to 4,2.5,60 minutes,13+
Puerto Rico,City Building,2 to 5,3.5,90-150 minutes,12+
Punch Line,Word,2 to 4,2,30 minutes,10+
Purrlock Holmes,Cards,2 to 5,1.5,20-30 minutes,10+
Push,Cards/Push Your Luck,2 to 6,1,20 minutes,8+
Pyramix,Abstract,2 to 4,1.5,15 minutes,8+
Quests of Valeria,Card Drafting,1 to 5,2,20-45 minutes,14+
Quoridor,Abstract Straegy,2 or 4,2,15 minutes,8+
Quarto,Abstract Strategy,2,2,20 minutes,6+
Quixo,Abstract Strategy,2,2,20 minutes,6+
Qwirkle,Abstract,2 to 4,1.5,45 minutes,6+
Qwixx Deluxe,Dice,2 to 5,1,15 minutes,8+
Race for the Galaxy,Strategy,2 to 4,3,30-60 minutes,12+
Railroad Tycoon (a.k.a. Railways of the World),Card Drafting,2 to 6,3,120 minutes,10+
Ravensburger Labyrinth,Children's/Maze/Puzzle,2 to 4,1.5,20 minutes,8+
Red Dragon Inn,Party/Humor,2 to 4,1.5,45 minutes,13+
Red7,Cards/Set Collection,2 to 4,1.5,5-30 minutes,9+
Redshirts,Humor,2 to 7,1.5,30 minutes,12+
Reef,Abstrac Strategy,2 to 4,2,30-45 minutes,8+
Reminiscing,Trivia,2 to 4,1,45 minutes,1+
Remnants,Dice Rolling/Hand Management,2 to 4,2.5,45-60 minutes,13+
Resistor,Abstract/Card/Memory,2,2,20 minutes,8+
Rhino Hero,Dexterity,2 to 5,1,5-15 minutes,5+
Rhino Hero: Super Battle,Dexterity,3 to 5,1,15-20 minutes,5+
Rick and Morty Total Recall Card Game,Deduction,2 to 5,1.5,30 minutes,15+
Rick and Morty: Anatomy Park,City Building,2 to 4,2,30-60 minutes,18+
Risk,Wargame,2 to 6,2,120 minutes,10+
Risk: Godstorm,Wargame,2 to 5,2.5,120 minutes,10+
Risk: Lord of the Rings Trilogy Edition,Wargame,2 to 4,2.5,180 minutes,9+
Risk: Star Wars Clone Wars Edition,Wargame,2 to 4,2,120 minutes,10+
Road Kill Rally,Dice Rolling,3 to 6,2,60-120 minutes,13+
Robo Rally,Strategy,2 to 6,2.5,45-120 minutes,12+
Roll for the Galaxy,Strategy/Pool Building,2 to 5,3,45 minutes,13+
Rory's Story Cubes,Dice/Co-op/Storytelling,1 to 12,1,20 minutes,8+
RSVP - 3D Crossword Game,Word,2,2,60 minutes,6+
Rubik's Race,Strategy/Abstract,2,1,10 minutes,8+
Rummikub,Cards/Numbers,2 to 4,2,60 minutes,8+
Rummy Royal,Cards,2 to 9,1.5,60 minutes,8+
Runebound: 3rd Edition,Thematic,2 to 4,2.5,120-180 minutes,14+
Runewars,Thematic/Strategy,2 to 4,3.5,180 minutes,14+
Rush n' Crush,Thematic/Family,3 to 6,2,60 minutes,12+
Saboteur,Party/Bluffing,3 to 10,1.5,30 minutes,8+
Sagrada,Card Drafting,1 to 4,2,30-45 minutes,14+
Samurai Spirit,Co-Op/Strategy,1 to 7,2,30 minutes,9+
Samurai Swords (a.k.a. Ikusa),Wargame,2 to 5,3,240-360 minutes,12+
San Juan,City Building,2 to 4,2.5,45-60 minutes,10+
Santorini,Abstract Strategy,2 to 4,2,20 minutes,8+
Saturday Night Live: The Game,Party,2 to 8,1,20-30 minutes,12+
Say Anything,Party,3 to 8,1,30 minutes,13+
Scattergories,Trivia,2 to 6,1.5,30 minutes,12+
Schmovie,Party,15-Mar,1,35 minutes,17+
Scrabble,Word,2 to 4,2,60 minutes,10+
Scrabble Crossword Cubes,Dice/Word,1 to 6,1,10 minutes,10+
Scrabble Crossword/Dominoes,Word,2 to 4,1,30 minutes,10+
Scrabble Junior,Word,2 to 4,1,30 minutes,7+
Scrawl,Party,4 to 8,1.5,20-30 minutes,18+
Scythe,Territory Building,1 to 5,3.5,90-115 minutes,14+
Scythe: Invaders from Afar (Expansion to Scythe),Expansion,1 to 7,3,90-145 minutes,14+
Sea of Clouds,Card Drafting,2 to 4,1.5,45 minutes,10+
Seasons,Card Drafting,2 to 4,3,60 minutes,14+
Secret Hitler,Social Deduction,5 to 10,1.5,45 minutes,
Sentinels of the Multiverse,Co-op/Cards,1 to 5,2.5,30-60 minuts,8+
Sequence,Card,2 to 6,1,15-120 minutes,7+
Sequence Cats,Card,2 to 6,1,15-120 minutes,7+
Settlers of the Stone Age,Route Building,3 to 4,2.5,90 minutes,10+
Seventh Hero,Familly/Bluffing/Cards,3 to 5,1.5,20-30 minutes,8+
Shadows of Brimstone: Cities of the Ancients,Thematic,1 to 4,3.5,120 minutes,12+
Shadows of Brimstone: Swamps of Death,Thematic,1 to 4,3.5,60 minutes,12+
Shadows Over Camelot,Thematic,3 to 7,2.5,60 to 80,10+
Shadows Over Camelot: The Card Game,Family,1 to 7,2,20 minutes,8+
Shakespeare,Card Drafting,1 to 4,3,20-90 minutes,13+
Sheriff of Notttingham,Family/Party,3 to 5,1.5,60 minutes,13+
Sherlock Homes: Consulting Detective,Thematic/Deduction,1 to 8,3,60-120 minutes,10+
Shut the Box,Children/Dice,2 to 4,1,30 minutes,8+
Sid Meier's Civilization: Fame and Fortune,Strategy,2 to 5,3.5,180 minutes,14+
Sid Meier's Civilization: The Board Game,Strategy,2 to 4,4,120-240 minutes,13+
Sidibaba,Partnerships/Voting,3 to 7,2,45 minutes,14+
Simon's Cat,Cards/Memory/Humor,3 to 6,1.5,10-25 minutes,6+
Six Degrees of Kevin Bacon,Trivia/Party,2 to 4,1,30 minutes,12+
Skipbo,Cards,2 to 6,1,20 minutes,7+
Skulldug!,Tile Placement,1 to 6,2,45-90 minutes,13+
Skulldug!,Tile Placement,1 to 6,2,45-90 minutes,13+
Skyjo,Cards,2 to 8,1,15-45 minutes,8+
Slamwich,Party/Dexterity,2 to 6,1,10 minutes,6+
Smallworld,Family/Strategy,2 to 5,2.5,40-80 minutes,8+
Smash Up,Strategy/Card/Family,2 to 4,2,45 minutes,12+
Smash Up: Awesome Level 9000,Strategy/Card/Family,2 to 4,2,45 minutes,12+
Smash Up: It's Your Fault!,Strategy/Card/Family,2 to 4,2,45 minutes,12+
Smash Up: Monster Smash,Strategy/Card/Family,2 to 4,2,45 minutes,12+
Smash Up: Munchkin,Strategy/Card/Family,2 to 4,2,45 minutes,12+
Smash Up: Obligatory Cthulhu Set,Strategy/Card/Family,2 to 4,2,45 minutes,12+
Smash Up: Pretty Pretty Smash Up,Strategy/Card/Family,2 to 4,2,45 minutes,12+
Smash Up: Science Fiction Double Feature,Strategy/Card/Family,2 to 4,2,45 minutes,12+
Smash Up: The Big Geeky Box,Strategy/Card/Family,2 to 4,2,45 minutes,12+
Snafu (Screwball Scramble),Maze,2 to 4,1,30 minutes,4+
Snakes and Ladders,Children,2 to 4,1,15 minutes,4+
Something Different,Party,3 to 6,1,30 minutes,13+
Sons of Anarchy: Men of Mayhem,Thematic/Negotiation,3 to 4,2.5,60 minutes,13+
Sorry,Children,2 to 4,1,30 minutes,6+
Space Hulk: Death Angel: The Card Game,Thematic/Cards,1 to 6,2.5,30 minutes,13+
Spank the Yeti,Party,2 to 10,1,30 minutes,8+
Spin Out,Classic,1,1,10 minutes,8+
Spinout,Puzzle,1,2,-,8+
Spirit Island,Cooperative,1 to 4,4,90-120 minutes,13+
Splendor,Card Drafting,2 to 4,2,30 minutes,10+
Spontuneous,Party,4 to 10,1,30 minutes,8+
Spookre,Cards/Take That,3 to 5,1.5,20-40 minutes,10+
Spyfall,Party/Bluffing,3 to 8,1.5,15 minutes,12+
Star Realms,Card Drafting,2,2,20 minutes,12+
Star Trek Panic,Co-op,1 to 6,2,90-120 minutes,13+
Star Trek: Catan,Thematic/Strategy,3 to 4,2.5,75 minutes,10+
Star Trek: Five Year Mission,Thematic/Family,3 to 7,2,30-45 minutes,10+
Star Wars Armada,Miniatures/War Game,2,3,120 minutes,14+
Star Wars Escape from Death Star Game,Dice/Chance,2 to 4,1,20 minutes,7+
Star Wars Rebellion,Thematic,2 to 4,3.5,180-240 minutes,14+
Star Wars: Imperial Assault,Miniatures/War Game,2 to 5,3.5,60-120 minutes,14+
Star Wars: The Card Game,Hand Management,2,3,60 minutes,10+
Star Wars: X-Wing Miniatures Game,Bluffing,2 to 4,2.5,30-45 minutes,14+
Stay Away!,Bluffing/Deduction,4 to 12,1,15-60 minutes,12+
Steam Park,Family/City Building,2 to 4,2,90 minutes,8+
Steam Time,Strategy,2 to 4,3,90 minutes,12+
Sticky Sticks,Dexterity,2 to 4,1,10 minutes,4+
StoryLine Fairy Tales,Children's/Story Building,3 to 8,1,15-40 minutes,8+
Stratego,Classic,2,2,45 minutes,8+
Stop Thief!,Cooperative,2 to 4,1.5,30-60 minutes,10+
Stuffed Fables,Dice Rolling/Co-operative,2 to 4,2.5,60-90 minutes,7+
Suburbia,City Building/Card Drafting,1 to 4,3,90 minutes,8+
Such a Thing,Party,2 to 8,1.5,30 minutes,10+
Superfight,Party,3 to 10,1.5,30 minutes,5+
Survive: Escape from Atlantis,Family/Dice Rolling,2 to 4,1.5,60 minutes,8+
Survive! Space Attack,Dice Rolling,2 to 4,2,45-60 minutes,8+
Sushi Go,Card Drafting,2 to 5,1,15 minutes,8+
Sushi Go Party,Party,2 to 8,1.5,20 minutes,8+
Sword & Skull,Adventure,2 to 5,1.5,60 minutes,10+
Sword of Fellows,Cooperative,1 to 4,1,30 minutes,10+
T.I.M.E. Stories,Storytelling,2 to 4,2.5,90 minutes,12+
T.I.M.E. Stories: Under the Mask,Expansion,2 to 4,2.5,90 minutes,12+
Taboo,Party/Word,4 to 10,1,20 minutes,12+
Taco Cat Goat Cheese Pizza,Party,2 to 6,1,20 minutes,5+
Tak,Abstract,2,2.5,20-60 minutes,12+
Takenoko,Territory Building/Tile Placement,2 to 4,2,45 minutes,8+
Talisman: 4th Edition: The City Expansion,Adventure,2 to 6,2,90 minutes,13+
Talisman: 4th Edition: The Dragon Expansion,Adventure,2 to 6,2,90 minutes,13+
Talisman: 4th Edition: The Frostmarch,Adventure,2 to 6,2,90 minutes,13+
Talisman: 4th Edition: The Reaper Expansion,Adventure,2 to 6,2,90 minutes,13+
Talisman: Revised 4th Edition,Thematic,2 to 6,2,90 minutes,13+
Target Ball,Action/Dexterity,1 to 4,1,10 minutes,5+
Tash-Kalar: Arena of Legends,Abstract,2 to 4,3,30-60 minutes,13+
Telestrations,Party/Humor,4 to 6,1,30 minutes,12+
Telestrations: 12-Player Party Pack,Party,4 to 12,1,30 minutes,8+
Telestrations: After Dark,Party,4 to 8,1,20-30 minutes,17+
Tem-Purr-A,Social,3 to 7,1,30 minutes,8+
Terra Mystica,Strategy,2 to 5,4,60-150 minutes,12+
Terraforming Mars,Card Drafting,1 to 5,3.5,90-120 minutes,12+
Terrene Odyssey,Deduction,2 to 4,2.5,20 minutes,12+
Terror in Meeple City (a.k.a. Rampage),Action/Dexterity,2 to 4,1.5,45 minutes,8+
The Battle of Five Armies,Thematic/Wargames,2,3.5,90-240 minutes,13+
The Black Rose,Bluffing/Card,3 to 5,2,20 minutes,15+
The Blood of an Englishman,Abstract/Strategy,2,2,20-30 minutes,10+
The Builders: Antiquity,Family/City Building,2 to 4,2,30 minutes,10+
The Cat Drawing Game,Dtawing,3 or more,1,15-30 minutes,16+
The Downfall of Pompeii,Tile Placement,2 to 4,2,45 minutes,10+
The Game of Life,Family/Chance,2 to 6,1,60 minutes,9+
The Great Dinosaur Rush,Set Collection,2 to 5,2,60 minutes,10+
The Grizzled,Co-op/Cards,2 to 5,2,30 minutes,10+
The Inventor,Roll and Spin,3 to 4,1.5,60 minutes,9+
The Joker's Wild Game,Trivia,3,1,30 minutes,10+
The Resistance,Bluffing/Party,5 to 10,2,30 minutes,13+
The Resistance: Avalon,Card,2,2,45 minutes,12+
The Rivals for Catan,Card/Strategy,2,2.5,45 minutes,10+
The Simpsons Trivia Game,Trivia,2 to 5,1.5,60 minutes,8+
The Simpsons: Homer's Trivia Game,Trivia,2 to 5,1.5,60 minutes,8+
The Thing: Infection at Outpost 31,Bluffing/Social Deduction,4 to 8,2.5,60-120 minutes,17+
The Three Little Pigs,Childrens,2 to 5,1,20 minutes,7+
Those Pesky Humans!,Tile Placement,2 to 4,2,90 minutes,13+
Three Cheers for Master,Card/Humor,2 to 6,1.5,20-40 minutes,13+
Through the Ages: A Story of Civilization,City Building/Card Drafting,2 to 4,4,240 minutes,12+
Thunderstone,Card Drafting,1 to 5,2.5,60 minutes,12+
Ti-Ominos,Abstract,2 to 6,1.5,30 minutes,6+
Ticket to Ride,Family,2 to 5,2,30-60 minutes,8+
Ticket to Ride: Europe,Family,2 to 5,2,30-60 minutes,8+
Ticket to Ride: First Journey,Children/Strategy,2 to 4,1.5,15-30 minutes,6+
Ticket to Ride: Nordic Countries,Card Drafting,2 to 3,2,30-60 minutes,8+
Ticket to Ride: Rails & Sails,Route Building/Set collection,2 to 5,3,60-120 minutes,10+
Tide of Iron,Wargames,2 to 4,3.5,120 minutes,12+
Tides of Madness,Card Drafting,2,1.5,20 minutes,10+
Tides of Time,Card Drafting,2,1,10-15 minutes,10+
Till Dawn,Press Your Luck,4 to 8,1.5,30 minutes,8+
Time Management: The Time Management Game,Tile Placement,1 to 4,1.5,30 minutes,13+
Timeline - Americana,Trivia,2 to 8,1,15-20 minutes,8+
Timeline - Discoveries,Trivia,2 to 8,1,15-20 minutes,8+
Timeline - Historical Events,Trivia,2 to 8,1,15-20 minutes,8+
Timeline - Inventions,Trivia,2 to 8,1,15-20 minutes,8+
Timeline - Music and Cinema,Trivia,2 to 8,1,15-20 minutes,8+
Tiny Epic Western,Bluffing/Worker Placement,1 to 4,3,30-45 minutes,14+
Tip It,Abstract,1 to 4,1,45 minutes,8+
Tokaido,Set Collection,2 to 5,2,45 minutes,8+
Topple,Dexterity,2 to 4,1,20 minutes,
Trains: Rising Sun,Strategy,2 to 4,2.5,45 minutes,12+
Traitor Mechanic: The Traitor Mechanic Game,Cards/Bluffing,4 to 10,12,30 minutes,13+
Tribond,Party,2 to 15,1.5,60 minutes,12+
Trick-Taking: The Trick-Taking Game,Cards,2 to 4,1.5,15-30 minutes,8+
Triple Yahtzee,Dice,2 to 4,1,30 minutes,6+
Trivial Pursuit 20th Anniversary Edition,Trivia,2 to 24,2,90 minutes,12+
Trivial Pursuit Family Edition,Child/Party/Trivia,2 to 8,1,90 minutes,12+
Trivial Pursuit Genus Edition,Trivia,2 to 24,2,90 minutes,12+
Trouble,Children,2 to 4,1,45 minutes,4+
Tsuro,Family/Abstract,2 to 8,1.5,15 minutes,8+
Twilight Imperium,Strategy,3 to 6,5,240 minutes,14+
Twilight Struggle,Wargames/Strategy,2,3.5,180 minutes,13+
Twixt,Strategy,2 or 4,2,30 minutes,12+
UNO,Classic/Cards,2 to 10,1,30 minutes,6+
UNO Rummy-Up,Abstract,2 to 4,1.5,60 minutes,7+
Uno Stacko,Social,2 to 10,1,20 minutes,8+
Uno Wild Tiles,Strategy,2 to 4,1,10 minutes,8+
UpWords,Word,2 to 4,2,90 minutes,10+
Viceroy,Card Drafting,1 to 4,2.5,45-60 minutes,12+
Virulence,Bluffing/Deduction,2 to 5,1.5,10-20 minutes,8+
Viticulture,Strategy,2 to 6,3,90 minutes,13+
VivaJava: The Coffee Game,Bluffing Negotiation,3 to 8,2.5,90 minutes,13+
War of the Ring: 2nd Edition,Thematic/Wargames,2 to 4,4,150 minutes,13+
Warhammer Quest: The Adventure Card Game,Co-op / Role Playing,1 to 4,2.5,30-60 minutes,14+
Wasteland Express,Dice Rolling,2 to 5,3,90-120 minutes,13+
What Do You Meme?,Party,3 to 6,1,90 minutes,18+
Wildlife Adventure,Route Building,2 to 6,1,60 minutes,10+
Wildlife Safari,Hand Management,2 to 5,1.5,20-30 minutes,7+
Wits & Wagers,Trivia,3 to 7,1,25 minutes,10+
Wombat Rescue,Grid Movement/Humor,1 to 4,2,60 minutes,10+
Wordsy,Word Game,1 to 6,1,20 minutes,8+
World of Warcraft: The Adventure Game,Thematic,2 to 4,2.5,90 minutes,12+
World's Fair 1893,Area Control/Set Collection,2 to 4,2,35-45 minutes,10+
XenoShyft: Onslaught,Thematic/Strategy,1 to 4,2.5,30-60 minutes,13+
Yahtzee,Chance,2 to 10,2,30 minutes,6+
You Gotta Be Kitten Me!,Bluffing,2 to 10,1.5,30 minutes,10+
You've Got Crabs + Claw Expansion,Party,4 to 10,1.5,15-20 minutes,7+
Ys,Strategy/Bluffing,3 to 4,3,60-90 minutes,12+
Zany Penguins,Hand Management,2 to 5,1.5,20 minutes,7+
Zombicide,Thematic/Horror,1 to 6,2.5,45-180 minutes,13+
Zombicide Season 2: Prison Outbreak,Thematic/Horror,1 to 6,2.5,90-180 minutes,13+
Zombicide: Angry Neighbors,Thematic/Horror,1 to 6,2.5,45-180 minutes,13+
Zombicide: The Black Plague,Thematic/Horror,1 to 6,2.5,60-180 minutes,10+
Zombicide: Toxic City Mall Expasion,Thematic/Horror,1 to 6,2.5,45-180 minutes,13+
Zooloretto,Tile Placement,2 to 5,2,45 minutes,8+
Zooreka,Children's/Story Building,2 to 4,1,40 minutes,8+
